Time,Ch1_X,Ch1_Y,Ch1_Z,Ch2_X,Ch2_Y,Ch2_Z
0,-303.0,-93.0,889.0,-74.0,1.0,-23.0
40,-263.0,-163.0,881.0,-76.0,3.0,-22.0
80,-234.0,-117.0,880.0,-69.0,-1.0,-10.0
120,-238.0,-45.0,852.0,-59.0,-8.0,-12.0
160,-252.0,-44.0,836.0,-56.0,-10.0,-21.0
200,-247.0,11.0,822.0,-56.0,-7.0,-22.0
240,-232.0,62.0,777.0,-57.0,-5.0,-8.0
280,-225.0,129.0,676.0,-55.0,-11.0,8.0
320,-204.0,19.0,532.0,-49.0,-20.0,14.0
360,-159.0,-64.0,440.0,-46.0,-24.0,15.0
400,-102.0,-144.0,390.0,-46.0,-21.0,19.0
440,-68.0,-150.0,386.0,-47.0,-15.0,28.0
480,-44.0,-143.0,310.0,-46.0,-18.0,39.0
520,-22.0,-49.0,223.0,-44.0,-25.0,37.0
560,-11.0,63.0,128.0,-38.0,-26.0,29.0
600,11.0,103.0,50.0,-34.0,-24.0,20.0
640,46.0,111.0,30.0,-29.0,-23.0,16.0
680,90.0,120.0,20.0,-25.0,-28.0,11.0
720,100.0,103.0,0.0,-20.0,-34.0,1.0
760,114.0,93.0,-89.0,-19.0,-39.0,-4.0
800,140.0,10.0,-179.0,-21.0,-40.0,-9.0
840,168.0,40.0,-242.0,-22.0,-40.0,-11.0
880,173.0,-2.0,-263.0,-20.0,-39.0,-11.0
920,190.0,-36.0,-249.0,-19.0,-33.0,-13.0
960,215.0,25.0,-290.0,-25.0,-26.0,-10.0
1000,240.0,112.0,-363.0,-28.0,-22.0,-1.0
1040,256.0,147.0,-468.0,-27.0,-24.0,7.0
1080,281.0,46.0,-580.0,-22.0,-24.0,8.0
1120,279.0,99.0,-616.0,-14.0,-25.0,5.0
1160,256.0,67.0,-635.0,-12.0,-24.0,8.0
1200,227.0,126.0,-642.0,-17.0,-29.0,8.0
1240,237.0,144.0,-712.0,-17.0,-32.0,5.0
1280,265.0,234.0,-792.0,-14.0,-33.0,-5.0
1320,269.0,261.0,-887.0,-12.0,-30.0,-8.0
1360,269.0,270.0,-935.0,-13.0,-23.0,-11.0
1400,274.0,236.0,-925.0,-19.0,-22.0,-15.0
1440,274.0,153.0,-878.0,-22.0,-21.0,-21.0
1480,267.0,105.0,-829.0,-21.0,-16.0,-25.0
1520,270.0,85.0,-841.0,-20.0,-12.0,-24.0
1560,293.0,47.0,-871.0,-19.0,-11.0,-13.0
1600,306.0,-35.0,-836.0,-19.0,-10.0,-7.0
1640,282.0,-45.0,-720.0,-18.0,-12.0,-3.0
1680,228.0,28.0,-634.0,-19.0,-11.0,-3.0
1720,160.0,84.0,-602.0,-21.0,-13.0,7.0
1760,105.0,131.0,-616.0,-21.0,-10.0,17.0
1800,82.0,128.0,-595.0,-19.0,-10.0,24.0
1840,99.0,81.0,-499.0,-19.0,-7.0,24.0
1880,118.0,63.0,-372.0,-18.0,-3.0,13.0
1920,120.0,-21.0,-297.0,-19.0,3.0,13.0
1960,116.0,-104.0,-296.0,-19.0,8.0,10.0
2000,113.0,-118.0,-381.0,-16.0,11.0,10.0
2040,108.0,-33.0,-454.0,-12.0,9.0,-2.0
2080,95.0,-23.0,-414.0,-8.0,6.0,-9.0
2120,85.0,-43.0,-299.0,-3.0,4.0,-15.0
2160,89.0,-49.0,-210.0,5.0,2.0,-8.0
2200,95.0,47.0,-198.0,10.0,-2.0,-4.0
2240,93.0,86.0,-267.0,11.0,-4.0,1.0
2280,103.0,15.0,-269.0,10.0,-3.0,2.0
2320,116.0,-7.0,-185.0,13.0,3.0,16.0
2360,134.0,-68.0,-115.0,16.0,9.0,27.0
2400,141.0,-63.0,-84.0,17.0,16.0,28.0
2440,136.0,-121.0,-105.0,19.0,22.0,22.0
2480,133.0,-139.0,-60.0,20.0,28.0,16.0
2520,121.0,-175.0,48.0,24.0,32.0,11.0
2560,100.0,-143.0,164.0,30.0,29.0,4.0
2600,66.0,-114.0,244.0,36.0,25.0,-11.0
2640,56.0,-163.0,290.0,37.0,22.0,-28.0
2680,66.0,-101.0,353.0,37.0,20.0,-35.0
2720,121.0,-73.0,377.0,37.0,18.0,-35.0
2760,193.0,-54.0,401.0,37.0,15.0,-32.0
2800,247.0,-48.0,355.0,39.0,17.0,-33.0
2840,274.0,-13.0,313.0,39.0,21.0,-33.0
2880,275.0,24.0,304.0,41.0,30.0,-26.0
2920,282.0,-43.0,324.0,44.0,35.0,-18.0
2960,280.0,-92.0,354.0,47.0,39.0,-8.0
3000,288.0,-138.0,335.0,51.0,39.0,-4.0
3040,273.0,-54.0,263.0,52.0,44.0,3.0
3080,254.0,-54.0,152.0,52.0,47.0,4.0
3120,243.0,-114.0,63.0,51.0,48.0,5.0
3160,250.0,-94.0,18.0,50.0,51.0,1.0
3200,266.0,-43.0,-53.0,46.0,49.0,-6.0
3240,272.0,9.0,-137.0,46.0,51.0,-15.0
3280,314.0,-70.0,-237.0,45.0,53.0,-23.0
3320,357.0,-33.0,-245.0,45.0,56.0,-37.0
3360,395.0,-1.0,-243.0,43.0,60.0,-44.0
3400,410.0,-5.0,-249.0,41.0,62.0,-46.0
3440,432.0,-28.0,-315.0,40.0,63.0,-39.0
3480,464.0,-40.0,-389.0,40.0,63.0,-32.0
3520,477.0,34.0,-458.0,36.0,66.0,-21.0
3560,462.0,70.0,-531.0,33.0,67.0,-10.0
3600,446.0,25.0,-599.0,30.0,70.0,0.0
3640,418.0,2.0,-597.0,28.0,74.0,14.0
3680,392.0,-47.0,-547.0,26.0,76.0,22.0
3720,380.0,-97.0,-517.0,22.0,78.0,30.0
3760,402.0,-172.0,-547.0,18.0,80.0,30.0
3800,425.0,-184.0,-581.0,13.0,85.0,29.0
3840,426.0,-190.0,-591.0,7.0,91.0,31.0
3880,413.0,-158.0,-614.0,3.0,94.0,29.0
3920,405.0,-92.0,-654.0,0.0,94.0,26.0
3960,394.0,-77.0,-711.0,0.0,93.0,15.0
4000,388.0,-59.0,-716.0,0.0,93.0,9.0
4040,386.0,5.0,-715.0,-3.0,88.0,3.0
4080,391.0,50.0,-711.0,-8.0,84.0,-1.0
4120,378.0,43.0,-663.0,-11.0,80.0,-5.0
4160,365.0,8.0,-607.0,-10.0,79.0,-6.0
4200,368.0,-15.0,-573.0,-13.0,79.0,0.0
4240,381.0,13.0,-578.0,-17.0,78.0,12.0
4280,387.0,-23.0,-614.0,-26.0,80.0,21.0
4320,394.0,-103.0,-623.0,-30.0,85.0,28.0
4360,389.0,-166.0,-593.0,-34.0,91.0,31.0
4400,369.0,-140.0,-547.0,-35.0,95.0,35.0
4440,335.0,-178.0,-501.0,-33.0,96.0,33.0
4480,324.0,-288.0,-424.0,-31.0,94.0,25.0
4520,342.0,-278.0,-331.0,-34.0,90.0,15.0
4560,367.0,-198.0,-267.0,-37.0,83.0,1.0
4600,371.0,-125.0,-251.0,-39.0,78.0,-11.0
4640,378.0,-131.0,-244.0,-38.0,73.0,-23.0
4680,395.0,-109.0,-196.0,-38.0,70.0,-34.0
4720,402.0,-21.0,-107.0,-38.0,65.0,-41.0
4760,406.0,-8.0,-55.0,-42.0,61.0,-48.0
4800,424.0,-70.0,-12.0,-44.0,59.0,-57.0
4840,439.0,-133.0,42.0,-45.0,62.0,-63.0
4880,410.0,-123.0,134.0,-47.0,65.0,-64.0
4920,342.0,-113.0,187.0,-47.0,63.0,-61.0
4960,283.0,-157.0,201.0,-44.0,59.0,-59.0
5000,253.0,-154.0,207.0,-45.0,56.0,-54.0
5040,240.0,-114.0,218.0,-47.0,55.0,-50.0
5080,229.0,-29.0,207.0,-47.0,55.0,-46.0
5120,246.0,-54.0,168.0,-45.0,56.0,-43.0
5160,269.0,-58.0,185.0,-41.0,55.0,-42.0
5200,278.0,-62.0,265.0,-41.0,54.0,-44.0
5240,282.0,-63.0,334.0,-41.0,52.0,-46.0
5280,298.0,-84.0,329.0,-44.0,48.0,-54.0
5320,320.0,-63.0,286.0,-44.0,48.0,-64.0
5360,326.0,-48.0,280.0,-44.0,46.0,-69.0
5400,318.0,-32.0,273.0,-41.0,46.0,-69.0
5440,303.0,5.0,234.0,-41.0,39.0,-69.0
5480,283.0,18.0,196.0,-40.0,33.0,-69.0
5520,255.0,27.0,203.0,-37.0,30.0,-68.0
5560,228.0,60.0,217.0,-36.0,30.0,-60.0
5600,227.0,22.0,202.0,-35.0,32.0,-51.0
5640,242.0,23.0,192.0,-34.0,32.0,-41.0
5680,240.0,35.0,169.0,-38.0,33.0,-28.0
5720,212.0,43.0,146.0,-38.0,33.0,-16.0
5760,178.0,80.0,71.0,-41.0,33.0,-5.0
5800,156.0,99.0,-29.0,-42.0,36.0,2.0
5840,147.0,108.0,-87.0,-43.0,35.0,10.0
5880,150.0,73.0,-100.0,-43.0,35.0,18.0
5920,152.0,73.0,-123.0,-41.0,30.0,28.0
5960,143.0,45.0,-141.0,-39.0,21.0,32.0
6000,115.0,10.0,-171.0,-37.0,18.0,37.0
6040,83.0,52.0,-169.0,-38.0,14.0,44.0
6080,65.0,72.0,-205.0,-40.0,13.0,57.0
6120,83.0,25.0,-251.0,-39.0,10.0,69.0
6160,118.0,6.0,-304.0,-40.0,6.0,79.0
6200,133.0,25.0,-338.0,-42.0,5.0,87.0
6240,119.0,0.0,-358.0,-43.0,8.0,91.0
6280,103.0,-62.0,-382.0,-43.0,12.0,96.0
6320,96.0,-75.0,-392.0,-43.0,12.0,100.0
6360,88.0,-78.0,-375.0,-42.0,15.0,103.0
6400,70.0,-102.0,-385.0,-43.0,9.0,106.0
6440,42.0,-55.0,-417.0,-42.0,7.0,107.0
6480,17.0,-51.0,-457.0,-39.0,4.0,104.0
6520,-6.0,-45.0,-456.0,-38.0,5.0,103.0
6560,-31.0,2.0,-458.0,-39.0,3.0,97.0
6600,-40.0,13.0,-467.0,-41.0,-1.0,94.0
6640,-15.0,-35.0,-488.0,-38.0,-5.0,80.0
6680,12.0,-42.0,-482.0,-38.0,-4.0,69.0
6720,11.0,-7.0,-432.0,-38.0,-3.0,56.0
6760,-11.0,25.0,-360.0,-39.0,-4.0,50.0
6800,-34.0,51.0,-328.0,-38.0,-8.0,43.0
6840,-43.0,102.0,-311.0,-35.0,-9.0,39.0
6880,-44.0,119.0,-296.0,-32.0,-14.0,35.0
6920,-52.0,174.0,-281.0,-29.0,-17.0,31.0
6960,-69.0,155.0,-287.0,-24.0,-16.0,29.0
7000,-89.0,86.0,-251.0,-18.0,-15.0,23.0
7040,-106.0,51.0,-169.0,-17.0,-15.0,20.0
7080,-122.0,13.0,-103.0,-15.0,-15.0,9.0
7120,-130.0,-9.0,-70.0,-13.0,-14.0,-2.0
7160,-130.0,-20.0,-60.0,-12.0,-13.0,-15.0
7200,-128.0,-20.0,-20.0,-11.0,-12.0,-24.0
7240,-139.0,8.0,40.0,-11.0,-12.0,-34.0
7280,-154.0,76.0,76.0,-9.0,-16.0,-43.0
7320,-160.0,139.0,96.0,-5.0,-21.0,-55.0
7360,-150.0,133.0,126.0,0.0,-24.0,-65.0
7400,-137.0,147.0,207.0,5.0,-26.0,-75.0
7440,-127.0,154.0,271.0,10.0,-27.0,-80.0
7480,-127.0,149.0,323.0,13.0,-29.0,-87.0
7520,-155.0,115.0,365.0,16.0,-28.0,-91.0
7560,-214.0,104.0,409.0,18.0,-25.0,-88.0
7600,-267.0,157.0,418.0,22.0,-24.0,-83.0
7640,-294.0,196.0,405.0,24.0,-22.0,-76.0
7680,-288.0,169.0,394.0,30.0,-19.0,-72.0
7720,-266.0,71.0,429.0,32.0,-17.0,-66.0
7760,-250.0,4.0,496.0,34.0,-16.0,-64.0
7800,-276.0,-46.0,532.0,39.0,-19.0,-61.0
7840,-330.0,-93.0,566.0,43.0,-23.0,-60.0
7880,-380.0,-89.0,576.0,49.0,-23.0,-58.0
7920,-381.0,-38.0,548.0,51.0,-26.0,-53.0
7960,-332.0,16.0,467.0,53.0,-28.0,-49.0
8000,-271.0,65.0,424.0,60.0,-33.0,-46.0
8040,-251.0,146.0,442.0,66.0,-33.0,-46.0
8080,-282.0,154.0,521.0,74.0,-35.0,-38.0
8120,-341.0,148.0,559.0,78.0,-39.0,-31.0
8160,-372.0,117.0,547.0,80.0,-41.0,-24.0
8200,-364.0,84.0,552.0,79.0,-41.0,-22.0
8240,-359.0,29.0,571.0,78.0,-36.0,-18.0
8280,-348.0,-68.0,561.0,81.0,-31.0,-12.0
8320,-329.0,-45.0,541.0,81.0,-25.0,-2.0
8360,-338.0,-28.0,503.0,85.0,-23.0,10.0
8400,-401.0,-28.0,498.0,88.0,-24.0,20.0
8440,-447.0,-62.0,500.0,93.0,-30.0,29.0
8480,-457.0,-64.0,538.0,100.0,-36.0,36.0
8520,-469.0,-37.0,576.0,105.0,-41.0,42.0
8560,-479.0,-84.0,594.0,106.0,-45.0,47.0
8600,-453.0,-69.0,602.0,107.0,-46.0,52.0
8640,-384.0,-28.0,536.0,107.0,-45.0,53.0
8680,-321.0,32.0,463.0,106.0,-40.0,52.0
8720,-260.0,-7.0,396.0,106.0,-34.0,49.0
8760,-209.0,-46.0,323.0,107.0,-31.0,47.0
8800,-195.0,10.0,267.0,110.0,-31.0,42.0
8840,-231.0,8.0,204.0,115.0,-37.0,42.0
8880,-273.0,-22.0,171.0,117.0,-41.0,38.0
8920,-300.0,-34.0,139.0,119.0,-46.0,40.0
8960,-308.0,51.0,109.0,123.0,-46.0,40.0
9000,-296.0,59.0,50.0,124.0,-42.0,43.0
9040,-243.0,8.0,-12.0,124.0,-38.0,45.0
9080,-179.0,20.0,-68.0,122.0,-33.0,52.0
9120,-153.0,56.0,-140.0,119.0,-28.0,56.0
9160,-170.0,95.0,-214.0,118.0,-27.0,58.0
9200,-196.0,86.0,-256.0,117.0,-24.0,55.0
9240,-210.0,91.0,-232.0,117.0,-21.0,50.0
9280,-229.0,108.0,-158.0,116.0,-23.0,49.0
9320,-213.0,85.0,-98.0,118.0,-25.0,45.0
9360,-176.0,120.0,-97.0,117.0,-27.0,41.0
9400,-143.0,142.0,-137.0,117.0,-27.0,35.0
9440,-133.0,143.0,-147.0,113.0,-26.0,31.0
9480,-128.0,103.0,-146.0,112.0,-23.0,26.0
9520,-115.0,82.0,-116.0,112.0,-22.0,23.0
9560,-109.0,53.0,-80.0,110.0,-22.0,19.0
9600,-110.0,-6.0,-39.0,106.0,-20.0,15.0
9640,-118.0,25.0,1.0,101.0,-18.0,17.0
9680,-121.0,60.0,41.0,94.0,-12.0,14.0
9720,-132.0,96.0,94.0,92.0,-4.0,11.0
9760,-134.0,95.0,150.0,89.0,2.0,9.0
9800,-112.0,99.0,189.0,86.0,6.0,12.0
9840,-80.0,150.0,177.0,84.0,8.0,9.0
9880,-64.0,162.0,136.0,82.0,6.0,2.0
9920,-76.0,134.0,136.0,79.0,4.0,-3.0
9960,-109.0,89.0,174.0,77.0,3.0,-8.0
10000,-160.0,88.0,248.0,73.0,-2.0,-14.0
10040,-197.0,89.0,311.0,72.0,-6.0,-16.0
10080,-201.0,53.0,334.0,70.0,-7.0,-23.0
10120,-158.0,67.0,331.0,63.0,-1.0,-24.0
10160,-105.0,123.0,322.0,58.0,6.0,-26.0
10200,-81.0,164.0,317.0,54.0,12.0,-24.0
10240,-84.0,120.0,328.0,54.0,16.0,-25.0
10280,-109.0,107.0,361.0,52.0,17.0,-25.0
10320,-145.0,130.0,381.0,52.0,14.0,-24.0
10360,-170.0,98.0,391.0,49.0,11.0,-20.0
10400,-179.0,93.0,393.0,46.0,6.0,-20.0
10440,-179.0,93.0,412.0,43.0,3.0,-18.0
10480,-183.0,98.0,442.0,41.0,7.0,-16.0
10520,-188.0,91.0,459.0,36.0,9.0,-14.0
10560,-181.0,77.0,438.0,33.0,13.0,-14.0
10600,-168.0,-8.0,421.0,27.0,14.0,-11.0
10640,-169.0,-43.0,407.0,22.0,15.0,-11.0
10680,-199.0,-64.0,373.0,17.0,16.0,-10.0
10720,-233.0,-148.0,342.0,12.0,14.0,-11.0
10760,-279.0,-157.0,331.0,9.0,12.0,-7.0
10800,-326.0,-129.0,309.0,7.0,10.0,-5.0
10840,-341.0,-118.0,282.0,8.0,7.0,-1.0
10880,-313.0,-121.0,257.0,6.0,5.0,2.0
10920,-270.0,-93.0,225.0,1.0,7.0,8.0
10960,-234.0,-94.0,200.0,-1.0,8.0,14.0
11000,-227.0,-73.0,169.0,-3.0,7.0,22.0
11040,-236.0,-104.0,82.0,-7.0,8.0,29.0
11080,-245.0,-243.0,28.0,-12.0,7.0,34.0
11120,-257.0,-188.0,30.0,-21.0,6.0,35.0
11160,-294.0,-105.0,-4.0,-23.0,7.0,33.0
11200,-280.0,-312.0,-21.0,-27.0,9.0,29.0
11240,-261.0,-217.0,9.0,-29.0,11.0,25.0
11280,-257.0,-104.0,-18.0,-31.0,14.0,21.0
11320,-233.0,-255.0,-15.0,-34.0,11.0,17.0
11360,-204.0,-226.0,-57.0,-38.0,7.0,15.0
11400,-210.0,-103.0,-112.0,-41.0,3.0,9.0
11440,-222.0,-218.0,-100.0,-45.0,0.0,6.0
11480,-245.0,-237.0,-101.0,-49.0,-4.0,4.0
11520,-247.0,-139.0,-148.0,-54.0,-4.0,5.0
11560,-223.0,-191.0,-96.0,-56.0,-5.0,2.0
11600,-209.0,-202.0,-59.0,-58.0,-2.0,0.0
11640,-199.0,-140.0,-51.0,-58.0,3.0,-5.0
11680,-155.0,-188.0,-99.0,-62.0,6.0,-8.0
11720,-147.0,-121.0,-207.0,-62.0,10.0,-10.0
11760,-156.0,-93.0,-325.0,-62.0,8.0,-16.0
11800,-153.0,-73.0,-386.0,-60.0,3.0,-17.0
11840,-155.0,-57.0,-310.0,-56.0,-2.0,-19.0
11880,-156.0,43.0,-208.0,-53.0,-9.0,-24.0
11920,-130.0,56.0,-198.0,-51.0,-10.0,-27.0
11960,-68.0,100.0,-205.0,-53.0,-11.0,-33.0
12000,7.0,173.0,-210.0,-59.0,-10.0,-38.0
12040,53.0,136.0,-144.0,-64.0,-6.0,-39.0
12080,72.0,65.0,-75.0,-64.0,-4.0,-46.0
12120,84.0,70.0,-79.0,-65.0,-4.0,-44.0
12160,87.0,77.0,-113.0,-64.0,-2.0,-42.0
12200,85.0,52.0,-35.0,-69.0,-5.0,-38.0
12240,90.0,-22.0,45.0,-66.0,-8.0,-32.0
12280,109.0,-21.0,96.0,-58.0,-11.0,-29.0
12320,102.0,54.0,147.0,-52.0,-14.0,-22.0
12360,85.0,72.0,145.0,-49.0,-16.0,-18.0
12400,102.0,22.0,137.0,-46.0,-14.0,-14.0
12440,165.0,25.0,106.0,-44.0,-14.0,-15.0
12480,231.0,82.0,66.0,-43.0,-12.0,-13.0
12520,278.0,53.0,-26.0,-40.0,-12.0,-17.0
12560,289.0,43.0,-67.0,-34.0,-13.0,-16.0
12600,286.0,64.0,-99.0,-29.0,-13.0,-20.0
12640,276.0,123.0,-97.0,-24.0,-15.0,-22.0
12680,266.0,121.0,-87.0,-19.0,-17.0,-21.0
12720,287.0,185.0,-91.0,-12.0,-18.0,-21.0
12760,315.0,203.0,-113.0,-4.0,-18.0,-16.0
12800,340.0,157.0,-97.0,-1.0,-19.0,-11.0
12840,355.0,121.0,-83.0,2.0,-20.0,0.0
12880,366.0,120.0,-115.0,4.0,-22.0,9.0
12920,352.0,118.0,-132.0,2.0,-24.0,19.0
12960,323.0,66.0,-141.0,3.0,-21.0,31.0
13000,298.0,43.0,-142.0,5.0,-20.0,37.0
13040,301.0,63.0,-99.0,8.0,-15.0,44.0
13080,310.0,54.0,-65.0,13.0,-13.0,47.0
13120,298.0,43.0,-43.0,17.0,-9.0,46.0
13160,272.0,12.0,-37.0,20.0,-5.0,48.0
13200,248.0,42.0,-90.0,21.0,-5.0,48.0
13240,229.0,36.0,-153.0,26.0,-6.0,42.0
13280,198.0,2.0,-170.0,31.0,-6.0,36.0
13320,162.0,-45.0,-167.0,36.0,-7.0,31.0
13360,139.0,-50.0,-161.0,37.0,-7.0,26.0
13400,121.0,26.0,-164.0,37.0,-7.0,24.0
13440,106.0,59.0,-183.0,38.0,-6.0,21.0
13480,107.0,55.0,-217.0,37.0,1.0,16.0
13520,118.0,73.0,-237.0,38.0,6.0,23.0
13560,116.0,96.0,-268.0,38.0,10.0,28.0
13600,95.0,87.0,-299.0,39.0,12.0,35.0
13640,66.0,56.0,-316.0,43.0,13.0,34.0
13680,39.0,42.0,-349.0,41.0,17.0,36.0
13720,30.0,-12.0,-427.0,44.0,18.0,37.0
13760,23.0,-19.0,-459.0,48.0,17.0,38.0
13800,9.0,-80.0,-457.0,49.0,18.0,35.0
13840,-16.0,-180.0,-433.0,49.0,18.0,34.0
13880,-35.0,-136.0,-422.0,49.0,20.0,29.0
13920,-44.0,-106.0,-493.0,44.0,25.0,27.0
13960,-35.0,-141.0,-522.0,40.0,29.0,20.0
14000,-27.0,-121.0,-495.0,39.0,32.0,14.0
14040,-23.0,-109.0,-451.0,38.0,37.0,6.0
14080,-19.0,-131.0,-414.0,36.0,35.0,-3.0
14120,-38.0,-91.0,-406.0,36.0,37.0,-13.0
14160,-61.0,-53.0,-410.0,35.0,38.0,-23.0
14200,-74.0,-54.0,-391.0,36.0,38.0,-28.0
14240,-68.0,2.0,-400.0,35.0,38.0,-30.0
14280,-63.0,27.0,-416.0,37.0,39.0,-31.0
14320,-54.0,-1.0,-421.0,36.0,38.0,-26.0
14360,-52.0,-7.0,-430.0,33.0,41.0,-26.0
14400,-45.0,-13.0,-461.0,30.0,46.0,-25.0
14440,-41.0,-48.0,-499.0,28.0,51.0,-21.0
14480,-30.0,-96.0,-514.0,24.0,51.0,-19.0
14520,-15.0,-126.0,-523.0,23.0,53.0,-23.0
14560,-3.0,-166.0,-543.0,21.0,54.0,-25.0
14600,11.0,-155.0,-558.0,18.0,56.0,-31.0
14640,21.0,-71.0,-564.0,18.0,56.0,-34.0
14680,33.0,-20.0,-572.0,16.0,56.0,-33.0
14720,77.0,4.0,-546.0,15.0,55.0,-35.0
14760,115.0,112.0,-502.0,15.0,54.0,-36.0
14800,156.0,133.0,-461.0,12.0,52.0,-36.0
14840,178.0,106.0,-413.0,10.0,52.0,-36.0
14880,194.0,121.0,-435.0,5.0,51.0,-31.0
14920,199.0,157.0,-418.0,0.0,52.0,-33.0
14960,198.0,112.0,-380.0,-6.0,57.0,-30.0
15000,202.0,115.0,-375.0,-12.0,59.0,-23.0
15040,224.0,129.0,-388.0,-16.0,64.0,-17.0
15080,262.0,98.0,-379.0,-17.0,67.0,-4.0
15120,282.0,114.0,-338.0,-18.0,69.0,6.0
15160,275.0,82.0,-294.0,-21.0,69.0,16.0
15200,268.0,58.0,-252.0,-25.0,66.0,29.0
15240,248.0,90.0,-256.0,-26.0,60.0,39.0
15280,233.0,66.0,-301.0,-28.0,61.0,48.0
15320,245.0,20.0,-302.0,-30.0,61.0,54.0
15360,286.0,-29.0,-323.0,-38.0,61.0,60.0
15400,317.0,-16.0,-322.0,-46.0,63.0,66.0
15440,319.0,-62.0,-340.0,-52.0,64.0,71.0
15480,309.0,-62.0,-356.0,-53.0,66.0,71.0
15520,298.0,-39.0,-350.0,-57.0,68.0,73.0
15560,280.0,-66.0,-316.0,-62.0,71.0,74.0
15600,271.0,-57.0,-256.0,-65.0,71.0,75.0
15640,289.0,-31.0,-243.0,-64.0,70.0,66.0
15680,300.0,-11.0,-248.0,-65.0,68.0,59.0
15720,291.0,3.0,-249.0,-70.0,68.0,55.0
15760,282.0,7.0,-252.0,-73.0,69.0,50.0
15800,270.0,26.0,-224.0,-76.0,67.0,46.0
15840,262.0,-3.0,-195.0,-79.0,66.0,40.0
15880,243.0,-42.0,-160.0,-84.0,68.0,37.0
15920,229.0,-67.0,-133.0,-90.0,67.0,35.0
15960,206.0,-78.0,-122.0,-92.0,68.0,33.0
16000,172.0,-83.0,-128.0,-94.0,65.0,30.0
16040,118.0,-105.0,-127.0,-96.0,65.0,22.0
16080,73.0,-142.0,-140.0,-97.0,62.0,16.0
16120,38.0,-120.0,-168.0,-97.0,59.0,8.0
16160,15.0,-124.0,-197.0,-96.0,55.0,0.0
16200,-9.0,-104.0,-193.0,-94.0,50.0,-16.0
16240,-23.0,-120.0,-194.0,-94.0,48.0,-28.0
16280,-39.0,-48.0,-192.0,-95.0,46.0,-39.0
16320,-54.0,-34.0,-192.0,-96.0,43.0,-46.0
16360,-57.0,-58.0,-171.0,-96.0,40.0,-55.0
16400,-47.0,-39.0,-128.0,-96.0,36.0,-63.0
16440,-40.0,-26.0,-100.0,-96.0,38.0,-69.0
16480,-46.0,-81.0,-76.0,-98.0,37.0,-72.0
16520,-66.0,-170.0,-118.0,-97.0,35.0,-75.0
16560,-104.0,-173.0,-166.0,-98.0,30.0,-78.0
16600,-136.0,-196.0,-169.0,-98.0,27.0,-82.0
16640,-160.0,-257.0,-88.0,-93.0,25.0,-83.0
16680,-168.0,-316.0,18.0,-90.0,25.0,-85.0
16720,-150.0,-331.0,67.0,-85.0,21.0,-84.0
16760,-132.0,-280.0,68.0,-84.0,15.0,-84.0
16800,-125.0,-282.0,62.0,-84.0,12.0,-91.0
16840,-148.0,-280.0,86.0,-81.0,8.0,-98.0
16880,-177.0,-256.0,116.0,-79.0,4.0,-107.0
16920,-188.0,-201.0,134.0,-76.0,2.0,-115.0
16960,-167.0,-142.0,131.0,-73.0,-4.0,-124.0
17000,-119.0,-152.0,160.0,-71.0,-7.0,-131.0
17040,-59.0,-155.0,232.0,-67.0,-11.0,-136.0
17080,-31.0,-85.0,270.0,-60.0,-12.0,-137.0
17120,-49.0,10.0,289.0,-55.0,-18.0,-134.0
17160,-78.0,-18.0,274.0,-50.0,-21.0,-128.0
17200,-91.0,-24.0,266.0,-44.0,-25.0,-118.0
17240,-72.0,29.0,233.0,-39.0,-29.0,-100.0
17280,-49.0,64.0,180.0,-33.0,-32.0,-87.0
17320,-24.0,12.0,142.0,-29.0,-34.0,-72.0
17360,-17.0,-16.0,134.0,-25.0,-32.0,-58.0
17400,-37.0,16.0,162.0,-19.0,-30.0,-44.0
17440,-54.0,7.0,188.0,-16.0,-31.0,-33.0
17480,-44.0,1.0,174.0,-14.0,-33.0,-23.0
17520,-7.0,-5.0,139.0,-8.0,-33.0,-18.0
17560,21.0,23.0,125.0,-4.0,-35.0,-13.0
17600,25.0,41.0,137.0,0.0,-36.0,-8.0
17640,22.0,60.0,138.0,6.0,-42.0,-5.0
17680,21.0,64.0,133.0,11.0,-48.0,-3.0
17720,35.0,83.0,127.0,16.0,-50.0,-2.0
17760,51.0,131.0,107.0,18.0,-50.0,1.0
17800,89.0,105.0,93.0,20.0,-50.0,6.0
17840,135.0,104.0,71.0,25.0,-47.0,13.0
17880,153.0,131.0,51.0,28.0,-46.0,22.0
17920,143.0,103.0,17.0,30.0,-46.0,35.0
17960,113.0,110.0,-20.0,33.0,-44.0,54.0
18000,89.0,141.0,-89.0,38.0,-47.0,68.0
18040,80.0,134.0,-144.0,44.0,-49.0,82.0
18080,85.0,93.0,-191.0,46.0,-47.0,92.0
18120,97.0,91.0,-205.0,50.0,-46.0,98.0
18160,98.0,85.0,-176.0,52.0,-46.0,104.0
18200,82.0,39.0,-167.0,54.0,-43.0,106.0
18240,55.0,50.0,-183.0,55.0,-44.0,106.0
18280,40.0,79.0,-211.0,54.0,-43.0,104.0
18320,28.0,126.0,-238.0,51.0,-43.0,102.0
18360,16.0,127.0,-253.0,51.0,-44.0,96.0
18400,6.0,114.0,-247.0,53.0,-47.0,91.0
18440,-13.0,167.0,-209.0,56.0,-46.0,84.0
18480,-37.0,193.0,-199.0,55.0,-46.0,78.0
18520,-57.0,174.0,-200.0,56.0,-44.0,71.0
18560,-67.0,171.0,-190.0,57.0,-41.0,66.0
18600,-71.0,178.0,-149.0,59.0,-38.0,63.0
18640,-87.0,140.0,-117.0,60.0,-36.0,62.0
18680,-109.0,91.0,-114.0,59.0,-35.0,60.0
18720,-130.0,84.0,-115.0,57.0,-34.0,59.0
18760,-153.0,72.0,-106.0,55.0,-32.0,58.0
18800,-184.0,34.0,-105.0,51.0,-32.0,55.0
18840,-185.0,-52.0,-106.0,51.0,-32.0,48.0
18880,-161.0,-90.0,-80.0,51.0,-30.0,40.0
18920,-166.0,-84.0,-7.0,51.0,-30.0,28.0
18960,-179.0,-139.0,46.0,47.0,-29.0,23.0
19000,-185.0,-135.0,40.0,48.0,-29.0,14.0
19040,-194.0,-77.0,16.0,48.0,-31.0,4.0
19080,-221.0,-40.0,29.0,45.0,-29.0,-5.0
19120,-257.0,-58.0,80.0,45.0,-30.0,-12.0
19160,-277.0,-51.0,121.0,46.0,-30.0,-17.0
19200,-290.0,-18.0,155.0,46.0,-27.0,-26.0
19240,-313.0,9.0,180.0,44.0,-24.0,-33.0
19280,-322.0,5.0,216.0,40.0,-18.0,-43.0
19320,-303.0,-1.0,246.0,38.0,-12.0,-51.0
19360,-287.0,36.0,261.0,39.0,-8.0,-59.0
19400,-297.0,51.0,305.0,38.0,-7.0,-66.0
19440,-300.0,16.0,325.0,37.0,-7.0,-67.0
19480,-295.0,50.0,340.0,35.0,-11.0,-65.0
19520,-290.0,91.0,342.0,35.0,-13.0,-64.0
19560,-270.0,68.0,327.0,33.0,-16.0,-60.0
19600,-237.0,51.0,332.0,32.0,-15.0,-59.0
19640,-195.0,59.0,346.0,30.0,-14.0,-58.0
19680,-160.0,12.0,347.0,30.0,-10.0,-52.0
19720,-131.0,-36.0,315.0,28.0,-4.0,-52.0
19760,-111.0,-7.0,284.0,24.0,-1.0,-48.0
19800,-103.0,17.0,251.0,21.0,5.0,-45.0
19840,-116.0,19.0,230.0,19.0,8.0,-43.0
19880,-123.0,8.0,195.0,20.0,10.0,-38.0
19920,-111.0,43.0,191.0,22.0,13.0,-34.0
19960,-99.0,74.0,193.0,19.0,11.0,-32.0
20000,-91.0,80.0,186.0,16.0,12.0,-30.0
20040,-67.0,65.0,139.0,14.0,14.0,-31.0
20080,-36.0,107.0,110.0,15.0,19.0,-24.0
20120,-11.0,120.0,101.0,8.0,23.0,-21.0
20160,0.0,112.0,98.0,4.0,24.0,-12.0
20200,10.0,92.0,72.0,1.0,26.0,-3.0
20240,20.0,84.0,56.0,-4.0,28.0,8.0
20280,4.0,75.0,65.0,-7.0,30.0,23.0
20320,-26.0,71.0,88.0,-10.0,32.0,35.0
20360,-44.0,28.0,93.0,-13.0,36.0,45.0
20400,-47.0,20.0,93.0,-14.0,39.0,51.0
20440,-46.0,-2.0,89.0,-17.0,44.0,57.0
20480,-25.0,-27.0,64.0,-20.0,46.0,59.0
20520,-20.0,-41.0,31.0,-21.0,47.0,60.0
20560,-38.0,-24.0,-7.0,-22.0,47.0,55.0
20600,-77.0,5.0,-10.0,-24.0,48.0,52.0
20640,-96.0,22.0,-22.0,-25.0,47.0,48.0
20680,-90.0,70.0,-28.0,-25.0,44.0,45.0
20720,-66.0,104.0,-67.0,-28.0,43.0,38.0
20760,-30.0,96.0,-103.0,-29.0,44.0,32.0
20800,13.0,107.0,-120.0,-30.0,47.0,25.0
20840,25.0,128.0,-135.0,-32.0,48.0,22.0
20880,2.0,100.0,-126.0,-31.0,48.0,17.0
20920,-47.0,70.0,-118.0,-33.0,47.0,16.0
20960,-84.0,85.0,-120.0,-33.0,45.0,18.0
21000,-94.0,43.0,-108.0,-36.0,42.0,24.0
21040,-91.0,-13.0,-88.0,-35.0,41.0,28.0
21080,-106.0,15.0,-51.0,-37.0,41.0,32.0
21120,-126.0,-28.0,-25.0,-39.0,42.0,36.0
21160,-148.0,-93.0,3.0,-39.0,44.0,36.0
21200,-164.0,-156.0,-1.0,-37.0,45.0,30.0
21240,-191.0,-170.0,28.0,-36.0,41.0,20.0
21280,-219.0,-248.0,45.0,-36.0,40.0,9.0
21320,-265.0,-256.0,46.0,-35.0,35.0,-5.0
21360,-312.0,-232.0,28.0,-33.0,28.0,-19.0
21400,-358.0,-204.0,20.0,-31.0,23.0,-32.0
21440,-388.0,-165.0,26.0,-27.0,18.0,-46.0
21480,-387.0,-154.0,20.0,-23.0,15.0,-59.0
21520,-361.0,-174.0,34.0,-22.0,12.0,-72.0
21560,-339.0,-177.0,44.0,-17.0,9.0,-82.0
21600,-338.0,-186.0,35.0,-14.0,8.0,-92.0
21640,-357.0,-198.0,22.0,-14.0,7.0,-99.0
21680,-388.0,-196.0,9.0,-14.0,4.0,-99.0
21720,-414.0,-190.0,14.0,-11.0,2.0,-100.0
21760,-421.0,-210.0,30.0,-9.0,-5.0,-101.0
21800,-415.0,-186.0,61.0,-6.0,-7.0,-96.0
21840,-407.0,-163.0,87.0,-5.0,-11.0,-96.0
21880,-404.0,-162.0,91.0,-2.0,-15.0,-94.0
21920,-416.0,-152.0,87.0,1.0,-19.0,-94.0
21960,-429.0,-167.0,87.0,4.0,-24.0,-96.0
22000,-447.0,-170.0,122.0,7.0,-30.0,-100.0
22040,-461.0,-160.0,122.0,8.0,-34.0,-104.0
22080,-460.0,-168.0,118.0,11.0,-38.0,-110.0
22120,-445.0,-153.0,132.0,12.0,-41.0,-116.0
22160,-429.0,-115.0,152.0,13.0,-45.0,-117.0
22200,-416.0,-81.0,166.0,17.0,-50.0,-117.0
22240,-399.0,-84.0,160.0,18.0,-51.0,-117.0
22280,-380.0,-88.0,158.0,19.0,-53.0,-115.0
22320,-355.0,-92.0,170.0,18.0,-54.0,-106.0
22360,-339.0,-78.0,162.0,21.0,-61.0,-95.0
22400,-330.0,-78.0,121.0,23.0,-64.0,-84.0
22440,-321.0,-99.0,99.0,25.0,-67.0,-70.0
22480,-308.0,-88.0,112.0,24.0,-68.0,-55.0
22520,-282.0,-70.0,118.0,27.0,-71.0,-40.0
22560,-239.0,-37.0,109.0,27.0,-72.0,-28.0
22600,-186.0,-32.0,101.0,28.0,-73.0,-18.0
22640,-132.0,-39.0,114.0,30.0,-74.0,-4.0
22680,-90.0,-44.0,116.0,30.0,-78.0,5.0
22720,-74.0,7.0,103.0,32.0,-82.0,11.0
22760,-80.0,34.0,93.0,33.0,-82.0,12.0
22800,-86.0,70.0,135.0,32.0,-86.0,15.0
22840,-57.0,107.0,159.0,31.0,-86.0,22.0
22880,4.0,151.0,159.0,33.0,-85.0,25.0
22920,59.0,196.0,159.0,32.0,-88.0,23.0
22960,82.0,202.0,177.0,34.0,-89.0,26.0
23000,85.0,209.0,208.0,36.0,-87.0,32.0
23040,83.0,223.0,216.0,35.0,-90.0,40.0
23080,71.0,259.0,206.0,35.0,-92.0,47.0
23120,74.0,276.0,181.0,33.0,-93.0,57.0
23160,101.0,281.0,158.0,32.0,-93.0,70.0
23200,154.0,304.0,118.0,32.0,-91.0,86.0
23240,197.0,328.0,95.0,34.0,-89.0,99.0
23280,222.0,314.0,103.0,33.0,-87.0,106.0
23320,227.0,261.0,136.0,33.0,-86.0,114.0
23360,212.0,295.0,149.0,32.0,-82.0,121.0
23400,192.0,299.0,129.0,33.0,-82.0,122.0
23440,182.0,263.0,93.0,33.0,-80.0,125.0
23480,190.0,220.0,72.0,32.0,-79.0,126.0
23520,180.0,284.0,91.0,30.0,-79.0,123.0
23560,148.0,321.0,102.0,31.0,-78.0,122.0
23600,129.0,266.0,94.0,32.0,-77.0,119.0
23640,145.0,248.0,79.0,31.0,-76.0,114.0
23680,169.0,241.0,65.0,28.0,-74.0,112.0
23720,172.0,207.0,82.0,29.0,-70.0,106.0
23760,158.0,139.0,71.0,27.0,-68.0,102.0
23800,131.0,105.0,67.0,27.0,-65.0,98.0
23840,106.0,56.0,73.0,24.0,-64.0,98.0
23880,68.0,42.0,61.0,22.0,-59.0,97.0
23920,27.0,55.0,21.0,23.0,-55.0,94.0
23960,1.0,-21.0,12.0,24.0,-52.0,92.0
24000,-26.0,-55.0,31.0,22.0,-47.0,88.0
24040,-70.0,-38.0,35.0,22.0,-42.0,81.0
24080,-120.0,-57.0,53.0,22.0,-40.0,70.0
24120,-170.0,-111.0,47.0,21.0,-34.0,55.0
24160,-207.0,-89.0,39.0,18.0,-30.0,40.0
24200,-229.0,-43.0,23.0,18.0,-26.0,25.0
24240,-243.0,-57.0,-13.0,16.0,-26.0,8.0
24280,-266.0,-17.0,-19.0,17.0,-24.0,-11.0
24320,-283.0,10.0,-20.0,16.0,-22.0,-26.0
24360,-298.0,18.0,-23.0,16.0,-22.0,-37.0
24400,-313.0,46.0,-25.0,17.0,-21.0,-48.0
24440,-329.0,51.0,-16.0,15.0,-19.0,-57.0
24480,-344.0,4.0,15.0,12.0,-14.0,-65.0
24520,-360.0,-35.0,38.0,8.0,-10.0,-67.0
24560,-382.0,-27.0,19.0,6.0,-4.0,-70.0
24600,-403.0,-84.0,9.0,2.0,-1.0,-72.0
24640,-415.0,-145.0,16.0,-2.0,5.0,-71.0
24680,-425.0,-174.0,24.0,-7.0,11.0,-70.0
24720,-427.0,-202.0,24.0,-10.0,15.0,-70.0
24760,-432.0,-233.0,57.0,-10.0,18.0,-70.0
24800,-427.0,-279.0,81.0,-12.0,20.0,-73.0
24840,-416.0,-288.0,117.0,-14.0,20.0,-77.0
24880,-401.0,-272.0,110.0,-16.0,20.0,-80.0
24920,-385.0,-263.0,92.0,-16.0,22.0,-88.0
24960,-364.0,-260.0,80.0,-18.0,20.0,-94.0
25000,-347.0,-250.0,89.0,-19.0,20.0,-99.0
25040,-326.0,-242.0,103.0,-20.0,22.0,-98.0
25080,-308.0,-199.0,117.0,-19.0,23.0,-98.0
25120,-282.0,-162.0,131.0,-19.0,26.0,-94.0
25160,-252.0,-162.0,143.0,-21.0,27.0,-90.0
25200,-220.0,-122.0,155.0,-24.0,31.0,-83.0
25240,-208.0,-58.0,169.0,-27.0,37.0,-77.0
25280,-203.0,-31.0,177.0,-26.0,40.0,-67.0
25320,-179.0,-35.0,171.0,-28.0,42.0,-58.0
25360,-138.0,-16.0,167.0,-31.0,41.0,-50.0
25400,-106.0,45.0,178.0,-31.0,44.0,-40.0
25440,-80.0,57.0,171.0,-34.0,42.0,-29.0
25480,-45.0,77.0,163.0,-37.0,39.0,-16.0
25520,6.0,98.0,149.0,-38.0,38.0,-5.0
25560,56.0,90.0,151.0,-40.0,35.0,5.0
25600,107.0,87.0,151.0,-40.0,36.0,11.0
25640,166.0,60.0,109.0,-39.0,38.0,19.0
25680,220.0,32.0,100.0,-39.0,40.0,26.0
25720,250.0,-4.0,90.0,-37.0,41.0,34.0
25760,260.0,-16.0,106.0,-35.0,42.0,38.0
25800,264.0,-24.0,89.0,-33.0,43.0,47.0
25840,274.0,-22.0,73.0,-34.0,42.0,54.0
25880,284.0,8.0,67.0,-36.0,42.0,61.0
25920,309.0,18.0,66.0,-35.0,42.0,65.0
25960,327.0,78.0,51.0,-37.0,44.0,66.0
26000,342.0,96.0,22.0,-39.0,47.0,65.0
26040,353.0,96.0,3.0,-40.0,47.0,71.0
26080,364.0,88.0,-2.0,-40.0,48.0,71.0
26120,369.0,80.0,-25.0,-40.0,47.0,70.0
26160,370.0,54.0,-69.0,-40.0,47.0,73.0
26200,375.0,29.0,-93.0,-41.0,45.0,74.0
26240,370.0,30.0,-106.0,-41.0,43.0,75.0
26280,358.0,35.0,-115.0,-40.0,42.0,77.0
26320,341.0,35.0,-130.0,-37.0,41.0,76.0
26360,327.0,39.0,-164.0,-40.0,42.0,71.0
26400,307.0,32.0,-188.0,-40.0,41.0,65.0
26440,275.0,22.0,-192.0,-41.0,40.0,59.0
26480,241.0,3.0,-209.0,-40.0,38.0,48.0
26520,202.0,10.0,-204.0,-39.0,37.0,34.0
26560,157.0,28.0,-200.0,-38.0,38.0,24.0
26600,119.0,34.0,-183.0,-36.0,40.0,13.0
26640,100.0,58.0,-190.0,-35.0,39.0,-1.0
26680,91.0,88.0,-191.0,-34.0,38.0,-15.0
26720,69.0,98.0,-197.0,-33.0,34.0,-28.0
26760,33.0,91.0,-207.0,-33.0,31.0,-40.0
26800,-5.0,60.0,-225.0,-33.0,26.0,-50.0
26840,-46.0,67.0,-237.0,-33.0,23.0,-59.0
26880,-74.0,31.0,-237.0,-35.0,20.0,-67.0
26920,-79.0,-10.0,-227.0,-36.0,16.0,-69.0
26960,-84.0,-5.0,-232.0,-37.0,14.0,-70.0
27000,-91.0,-19.0,-226.0,-37.0,13.0,-71.0
27040,-109.0,-71.0,-209.0,-38.0,12.0,-72.0
27080,-129.0,-97.0,-201.0,-37.0,12.0,-71.0
27120,-156.0,-128.0,-186.0,-37.0,9.0,-72.0
27160,-188.0,-158.0,-165.0,-34.0,8.0,-77.0
27200,-208.0,-198.0,-160.0,-35.0,6.0,-85.0
27240,-212.0,-214.0,-145.0,-33.0,2.0,-90.0
27280,-212.0,-192.0,-140.0,-33.0,-4.0,-98.0
27320,-219.0,-175.0,-136.0,-30.0,-8.0,-104.0
27360,-216.0,-171.0,-120.0,-32.0,-11.0,-112.0
27400,-202.0,-137.0,-106.0,-31.0,-19.0,-119.0
27440,-188.0,-87.0,-90.0,-31.0,-23.0,-122.0
27480,-172.0,-79.0,-85.0,-30.0,-28.0,-124.0
27520,-154.0,-61.0,-83.0,-26.0,-32.0,-118.0
27560,-131.0,-53.0,-68.0,-28.0,-36.0,-114.0
27600,-121.0,-14.0,-44.0,-28.0,-37.0,-102.0
27640,-108.0,-10.0,-41.0,-28.0,-39.0,-91.0
27680,-87.0,-1.0,-26.0,-28.0,-38.0,-75.0
27720,-62.0,11.0,-28.0,-29.0,-39.0,-58.0
27760,-36.0,-1.0,-21.0,-28.0,-41.0,-40.0
27800,-15.0,-4.0,-11.0,-27.0,-43.0,-24.0
27840,-8.0,3.0,18.0,-27.0,-45.0,-8.0
27880,-1.0,-31.0,34.0,-29.0,-46.0,5.0
27920,16.0,-17.0,20.0,-29.0,-47.0,16.0
27960,36.0,11.0,17.0,-30.0,-47.0,24.0
28000,69.0,30.0,35.0,-28.0,-49.0,29.0
28040,111.0,-8.0,56.0,-24.0,-48.0,33.0
28080,156.0,38.0,68.0,-23.0,-49.0,37.0
28120,187.0,71.0,66.0,-22.0,-50.0,44.0
28160,205.0,122.0,66.0,-22.0,-53.0,48.0
28200,220.0,128.0,58.0,-22.0,-52.0,56.0
28240,241.0,169.0,55.0,-20.0,-51.0,69.0
28280,257.0,223.0,39.0,-21.0,-53.0,83.0
28320,275.0,223.0,29.0,-21.0,-53.0,96.0
28360,289.0,201.0,27.0,-23.0,-50.0,112.0
28400,301.0,201.0,24.0,-23.0,-44.0,128.0
28440,300.0,197.0,10.0,-22.0,-41.0,142.0
28480,294.0,180.0,-19.0,-23.0,-36.0,158.0
28520,293.0,155.0,-39.0,-21.0,-33.0,166.0
28560,295.0,155.0,-48.0,-21.0,-31.0,176.0
28600,293.0,149.0,-55.0,-18.0,-29.0,181.0
28640,287.0,158.0,-77.0,-17.0,-29.0,181.0
28680,281.0,148.0,-89.0,-17.0,-31.0,179.0
28720,277.0,153.0,-90.0,-15.0,-31.0,174.0
28760,267.0,165.0,-85.0,-16.0,-32.0,168.0
28800,266.0,147.0,-95.0,-14.0,-33.0,160.0
28840,269.0,163.0,-106.0,-16.0,-32.0,151.0
28880,278.0,161.0,-113.0,-15.0,-28.0,144.0
28920,285.0,128.0,-118.0,-16.0,-25.0,134.0
28960,271.0,145.0,-125.0,-16.0,-20.0,127.0
29000,232.0,145.0,-124.0,-15.0,-19.0,121.0
29040,189.0,106.0,-133.0,-15.0,-15.0,112.0
29080,157.0,65.0,-136.0,-14.0,-15.0,106.0
29120,126.0,58.0,-148.0,-16.0,-11.0,95.0
29160,107.0,9.0,-167.0,-15.0,-10.0,83.0
29200,86.0,-6.0,-181.0,-18.0,-5.0,74.0
29240,61.0,17.0,-180.0,-18.0,-5.0,60.0
29280,36.0,9.0,-187.0,-18.0,-1.0,43.0
29320,14.0,3.0,-179.0,-17.0,0.0,26.0
29360,-4.0,47.0,-160.0,-19.0,-1.0,7.0
29400,-16.0,33.0,-144.0,-20.0,-2.0,-12.0
29440,-23.0,-10.0,-120.0,-19.0,-4.0,-31.0
29480,-34.0,24.0,-105.0,-18.0,-6.0,-47.0
29520,-54.0,43.0,-107.0,-18.0,-9.0,-64.0
29560,-71.0,-10.0,-113.0,-18.0,-9.0,-75.0
29600,-75.0,-38.0,-142.0,-17.0,-9.0,-84.0
29640,-72.0,-52.0,-157.0,-16.0,-8.0,-89.0
29680,-76.0,-84.0,-127.0,-17.0,-7.0,-95.0
29720,-98.0,-139.0,-115.0,-17.0,-6.0,-93.0
29760,-130.0,-146.0,-98.0,-19.0,-4.0,-94.0
29800,-153.0,-141.0,-97.0,-20.0,-1.0,-93.0
29840,-163.0,-172.0,-81.0,-19.0,2.0,-96.0
29880,-156.0,-182.0,-68.0,-22.0,4.0,-100.0
29920,-141.0,-194.0,-56.0,-21.0,6.0,-104.0
29960,-127.0,-182.0,-29.0,-21.0,7.0,-108.0
30000,-120.0,-160.0,-12.0,-22.0,6.0,-113.0
30040,-109.0,-166.0,-2.0,-22.0,4.0,-118.0
30080,-76.0,-211.0,4.0,-22.0,4.0,-122.0
30120,-59.0,-156.0,7.0,-21.0,1.0,-121.0
30160,-65.0,-106.0,5.0,-23.0,-1.0,-121.0
30200,-69.0,-164.0,15.0,-23.0,-2.0,-119.0
30240,-65.0,-171.0,8.0,-23.0,-2.0,-113.0
30280,-54.0,-126.0,17.0,-24.0,0.0,-107.0
30320,-36.0,-142.0,9.0,-25.0,4.0,-98.0
30360,-18.0,-168.0,2.0,-24.0,9.0,-85.0
30400,7.0,-188.0,15.0,-24.0,13.0,-72.0
30440,23.0,-150.0,38.0,-24.0,15.0,-58.0
30480,17.0,-96.0,39.0,-24.0,17.0,-45.0
30520,11.0,-97.0,27.0,-25.0,18.0,-36.0
30560,20.0,-100.0,31.0,-28.0,19.0,-26.0
30600,33.0,-46.0,59.0,-27.0,20.0,-18.0
30640,36.0,-29.0,82.0,-30.0,18.0,-12.0
30680,55.0,-39.0,70.0,-31.0,17.0,-8.0
30720,92.0,-46.0,44.0,-32.0,19.0,-2.0
30760,129.0,-26.0,55.0,-32.0,20.0,3.0
30800,148.0,-29.0,60.0,-33.0,21.0,6.0
30840,155.0,-35.0,55.0,-32.0,20.0,12.0
30880,153.0,-16.0,46.0,-33.0,22.0,18.0
30920,137.0,22.0,44.0,-33.0,23.0,26.0
30960,116.0,29.0,59.0,-35.0,24.0,31.0
31000,114.0,11.0,45.0,-35.0,24.0,39.0
31040,128.0,32.0,15.0,-34.0,25.0,47.0
31080,153.0,34.0,1.0,-34.0,28.0,52.0
31120,174.0,19.0,18.0,-35.0,31.0,59.0
31160,191.0,16.0,26.0,-33.0,33.0,63.0
31200,200.0,45.0,20.0,-34.0,32.0,62.0
31240,194.0,60.0,4.0,-35.0,31.0,64.0
31280,185.0,55.0,5.0,-35.0,30.0,59.0
31320,180.0,53.0,21.0,-36.0,28.0,54.0
31360,166.0,82.0,31.0,-38.0,24.0,49.0
31400,155.0,74.0,5.0,-38.0,23.0,42.0
31440,143.0,91.0,1.0,-40.0,21.0,35.0
31480,145.0,86.0,7.0,-40.0,21.0,31.0
31520,139.0,87.0,21.0,-40.0,19.0,26.0
31560,131.0,90.0,17.0,-39.0,19.0,22.0
31600,122.0,90.0,11.0,-39.0,17.0,20.0
31640,103.0,80.0,4.0,-38.0,18.0,22.0
31680,73.0,80.0,20.0,-39.0,17.0,18.0
31720,56.0,79.0,22.0,-38.0,15.0,16.0
31760,55.0,54.0,20.0,-37.0,14.0,12.0
31800,40.0,62.0,41.0,-38.0,14.0,7.0
31840,30.0,29.0,56.0,-36.0,11.0,0.0
31880,26.0,12.0,78.0,-36.0,9.0,-6.0
31920,9.0,27.0,80.0,-35.0,6.0,-13.0
31960,-14.0,-3.0,77.0,-34.0,3.0,-18.0
32000,-39.0,1.0,60.0,-34.0,-1.0,-23.0
32040,-63.0,19.0,60.0,-32.0,-4.0,-25.0
32080,-84.0,13.0,72.0,-31.0,-8.0,-31.0
32120,-96.0,-14.0,82.0,-29.0,-9.0,-34.0
32160,-102.0,6.0,90.0,-28.0,-10.0,-36.0
32200,-99.0,-6.0,83.0,-25.0,-11.0,-37.0
32240,-94.0,-38.0,60.0,-23.0,-10.0,-40.0
32280,-90.0,-48.0,74.0,-23.0,-11.0,-40.0
32320,-104.0,-46.0,77.0,-20.0,-13.0,-37.0
32360,-135.0,-53.0,64.0,-20.0,-16.0,-36.0
32400,-157.0,-99.0,76.0,-18.0,-19.0,-34.0
32440,-179.0,-95.0,103.0,-17.0,-24.0,-32.0
32480,-211.0,-67.0,136.0,-15.0,-26.0,-31.0
32520,-240.0,-95.0,140.0,-13.0,-29.0,-28.0
32560,-241.0,-96.0,136.0,-11.0,-30.0,-27.0
32600,-236.0,-64.0,151.0,-10.0,-30.0,-27.0
32640,-244.0,-38.0,162.0,-9.0,-29.0,-26.0
32680,-242.0,-51.0,150.0,-5.0,-30.0,-26.0
32720,-222.0,-32.0,110.0,-2.0,-29.0,-28.0
32760,-206.0,-3.0,104.0,0.0,-30.0,-25.0
32800,-211.0,-15.0,114.0,1.0,-32.0,-26.0
32840,-214.0,-23.0,123.0,3.0,-35.0,-24.0
32880,-213.0,-27.0,120.0,8.0,-38.0,-20.0
32920,-223.0,-12.0,118.0,9.0,-42.0,-13.0
32960,-234.0,-34.0,95.0,7.0,-43.0,-6.0
33000,-218.0,-86.0,62.0,8.0,-43.0,1.0
33040,-205.0,-73.0,51.0,7.0,-46.0,8.0
33080,-215.0,-42.0,70.0,10.0,-41.0,13.0
33120,-218.0,-84.0,83.0,13.0,-43.0,19.0
33160,-196.0,-94.0,71.0,15.0,-41.0,24.0
33200,-175.0,-49.0,54.0,15.0,-41.0,23.0
33240,-168.0,-28.0,68.0,18.0,-40.0,22.0
33280,-153.0,-46.0,83.0,20.0,-41.0,22.0
33320,-133.0,-15.0,78.0,22.0,-44.0,20.0
33360,-134.0,48.0,74.0,24.0,-45.0,17.0
33400,-150.0,61.0,58.0,24.0,-49.0,16.0
33440,-146.0,39.0,41.0,23.0,-50.0,12.0
33480,-127.0,46.0,21.0,22.0,-51.0,12.0
33520,-124.0,43.0,24.0,21.0,-53.0,11.0
33560,-124.0,24.0,48.0,24.0,-52.0,13.0
33600,-124.0,12.0,52.0,25.0,-52.0,18.0
33640,-120.0,35.0,49.0,23.0,-50.0,23.0
33680,-118.0,39.0,38.0,24.0,-50.0,28.0
33720,-103.0,38.0,29.0,24.0,-48.0,30.0
33760,-80.0,70.0,30.0,25.0,-48.0,31.0
33800,-63.0,105.0,19.0,26.0,-46.0,35.0
33840,-68.0,133.0,30.0,27.0,-48.0,31.0
33880,-70.0,133.0,56.0,28.0,-51.0,30.0
33920,-58.0,167.0,53.0,27.0,-52.0,25.0
33960,-46.0,173.0,50.0,25.0,-53.0,22.0
34000,-28.0,132.0,51.0,24.0,-53.0,17.0
34040,-17.0,104.0,69.0,24.0,-54.0,13.0
34080,-13.0,107.0,71.0,24.0,-53.0,11.0
34120,-25.0,87.0,65.0,23.0,-53.0,10.0
34160,-33.0,73.0,45.0,22.0,-54.0,11.0
34200,-47.0,84.0,48.0,23.0,-52.0,12.0
34240,-50.0,71.0,49.0,22.0,-50.0,11.0
34280,-60.0,87.0,58.0,21.0,-51.0,14.0
34320,-83.0,118.0,68.0,21.0,-50.0,16.0
34360,-104.0,109.0,79.0,19.0,-49.0,18.0
34400,-113.0,107.0,100.0,18.0,-47.0,18.0
34440,-114.0,139.0,97.0,16.0,-48.0,18.0
34480,-112.0,134.0,86.0,16.0,-44.0,18.0
34520,-106.0,106.0,86.0,17.0,-45.0,16.0
34560,-104.0,86.0,89.0,17.0,-43.0,17.0
34600,-104.0,45.0,104.0,17.0,-43.0,16.0
34640,-114.0,29.0,122.0,14.0,-44.0,13.0
34680,-142.0,42.0,133.0,18.0,-44.0,12.0
34720,-152.0,4.0,138.0,15.0,-44.0,10.0
34760,-144.0,-17.0,158.0,15.0,-41.0,10.0
34800,-130.0,25.0,152.0,11.0,-40.0,9.0
34840,-130.0,30.0,148.0,12.0,-42.0,11.0
34880,-142.0,22.0,148.0,10.0,-41.0,13.0
34920,-160.0,33.0,158.0,9.0,-40.0,18.0
34960,-176.0,57.0,170.0,7.0,-37.0,19.0
35000,-193.0,51.0,179.0,6.0,-34.0,21.0
35040,-194.0,11.0,177.0,6.0,-33.0,19.0
35080,-173.0,-31.0,168.0,5.0,-27.0,19.0
35120,-173.0,-44.0,180.0,4.0,-23.0,15.0
35160,-199.0,-61.0,165.0,1.0,-21.0,9.0
35200,-226.0,-97.0,155.0,2.0,-20.0,2.0
35240,-236.0,-98.0,139.0,3.0,-19.0,-5.0
35280,-245.0,-65.0,138.0,3.0,-19.0,-15.0
35320,-243.0,-56.0,141.0,3.0,-21.0,-20.0
35360,-235.0,-49.0,151.0,4.0,-23.0,-25.0
35400,-222.0,-9.0,159.0,2.0,-23.0,-30.0
35440,-220.0,9.0,178.0,1.0,-22.0,-33.0
35480,-213.0,-8.0,195.0,0.0,-20.0,-32.0
35520,-196.0,-19.0,186.0,-3.0,-18.0,-32.0
35560,-178.0,-57.0,171.0,-2.0,-14.0,-30.0
35600,-167.0,-87.0,169.0,-2.0,-11.0,-29.0
35640,-172.0,-110.0,179.0,-3.0,-8.0,-27.0
35680,-192.0,-117.0,188.0,-2.0,-5.0,-28.0
35720,-220.0,-106.0,182.0,-2.0,-5.0,-27.0
35760,-233.0,-89.0,163.0,-3.0,-4.0,-30.0
35800,-227.0,-70.0,167.0,-5.0,-4.0,-37.0
35840,-203.0,-74.0,174.0,-6.0,-5.0,-42.0
35880,-181.0,-44.0,190.0,-9.0,-5.0,-48.0
35920,-161.0,-30.0,194.0,-9.0,-5.0,-54.0
35960,-141.0,-9.0,198.0,-11.0,-5.0,-56.0
36000,-124.0,1.0,197.0,-11.0,-4.0,-58.0
36040,-106.0,12.0,193.0,-10.0,-5.0,-57.0
36080,-95.0,33.0,194.0,-11.0,-4.0,-53.0
36120,-88.0,28.0,192.0,-9.0,-2.0,-48.0
36160,-83.0,20.0,201.0,-9.0,-2.0,-41.0
36200,-75.0,14.0,218.0,-10.0,-1.0,-35.0
36240,-77.0,7.0,237.0,-9.0,-1.0,-31.0
36280,-73.0,-20.0,226.0,-9.0,2.0,-24.0
36320,-69.0,5.0,227.0,-9.0,3.0,-19.0
36360,-61.0,28.0,215.0,-10.0,5.0,-15.0
36400,-32.0,-15.0,210.0,-11.0,5.0,-10.0
36440,1.0,-4.0,229.0,-12.0,6.0,-8.0
36480,24.0,31.0,240.0,-11.0,4.0,-3.0
36520,53.0,-9.0,231.0,-12.0,3.0,-2.0
36560,77.0,-26.0,237.0,-10.0,2.0,1.0
36600,91.0,-4.0,237.0,-9.0,3.0,1.0
36640,99.0,-41.0,248.0,-10.0,3.0,5.0
36680,111.0,-37.0,250.0,-9.0,3.0,6.0
36720,121.0,-11.0,233.0,-8.0,2.0,9.0
36760,123.0,-51.0,228.0,-6.0,3.0,15.0
36800,115.0,-25.0,242.0,-4.0,2.0,20.0
36840,97.0,18.0,248.0,-2.0,2.0,25.0
36880,77.0,32.0,264.0,-3.0,3.0,29.0
36920,72.0,-9.0,255.0,-2.0,5.0,32.0
36960,80.0,27.0,261.0,0.0,5.0,34.0
37000,97.0,6.0,257.0,3.0,6.0,37.0
37040,103.0,7.0,246.0,2.0,6.0,38.0
37080,92.0,-3.0,226.0,5.0,9.0,33.0
37120,82.0,11.0,215.0,4.0,8.0,33.0
37160,69.0,67.0,206.0,8.0,9.0,31.0
37200,55.0,133.0,212.0,7.0,6.0,28.0
37240,68.0,113.0,206.0,11.0,6.0,27.0
37280,110.0,94.0,220.0,12.0,2.0,23.0
37320,143.0,139.0,220.0,12.0,3.0,23.0
37360,160.0,107.0,222.0,10.0,2.0,22.0
37400,156.0,44.0,222.0,12.0,2.0,19.0
37440,137.0,39.0,215.0,13.0,3.0,20.0
37480,114.0,39.0,205.0,14.0,5.0,21.0
37520,88.0,13.0,176.0,15.0,7.0,24.0
37560,76.0,-37.0,139.0,17.0,7.0,28.0
37600,67.0,-55.0,122.0,19.0,9.0,29.0
37640,46.0,-89.0,109.0,18.0,11.0,31.0
37680,11.0,-123.0,94.0,22.0,10.0,30.0
37720,-24.0,-133.0,73.0,24.0,11.0,24.0
37760,-30.0,-143.0,58.0,26.0,8.0,19.0
37800,-19.0,-132.0,72.0,27.0,9.0,10.0
37840,2.0,-82.0,70.0,26.0,8.0,2.0
37880,16.0,-43.0,74.0,27.0,7.0,-9.0
37920,19.0,13.0,90.0,27.0,2.0,-15.0
37960,3.0,19.0,104.0,26.0,2.0,-21.0
38000,-8.0,25.0,117.0,27.0,-1.0,-24.0
38040,-8.0,-6.0,98.0,26.0,-3.0,-25.0
38080,-2.0,-22.0,89.0,27.0,-5.0,-25.0
38120,-9.0,-46.0,89.0,26.0,-2.0,-23.0
38160,-26.0,-54.0,102.0,26.0,1.0,-18.0
38200,-42.0,-61.0,99.0,27.0,4.0,-17.0
38240,-53.0,-77.0,73.0,27.0,6.0,-15.0
38280,-46.0,-100.0,48.0,25.0,5.0,-17.0
38320,-29.0,-123.0,33.0,25.0,5.0,-17.0
38360,-23.0,-149.0,29.0,24.0,2.0,-19.0
38400,-17.0,-163.0,28.0,25.0,0.0,-21.0
38440,-6.0,-138.0,17.0,24.0,-5.0,-28.0
38480,1.0,-104.0,1.0,23.0,-10.0,-29.0
38520,16.0,-143.0,-3.0,21.0,-13.0,-33.0
38560,41.0,-116.0,9.0,21.0,-13.0,-37.0
38600,51.0,-26.0,14.0,20.0,-14.0,-41.0
38640,45.0,-36.0,-6.0,19.0,-14.0,-45.0
38680,37.0,-86.0,-21.0,19.0,-13.0,-45.0
38720,34.0,12.0,-12.0,17.0,-12.0,-45.0
38760,29.0,33.0,-18.0,17.0,-14.0,-42.0
38800,46.0,-22.0,-29.0,16.0,-13.0,-42.0
38840,73.0,1.0,-51.0,15.0,-12.0,-37.0
38880,89.0,51.0,-30.0,13.0,-12.0,-30.0
38920,84.0,19.0,-10.0,10.0,-13.0,-26.0
38960,88.0,16.0,-28.0,9.0,-15.0,-20.0
39000,99.0,38.0,-49.0,6.0,-15.0,-14.0
39040,122.0,-21.0,-49.0,4.0,-17.0,-9.0
39080,133.0,-27.0,-36.0,3.0,-18.0,-2.0
39120,153.0,-42.0,-41.0,1.0,-19.0,1.0
39160,165.0,-77.0,-62.0,-2.0,-23.0,5.0
39200,164.0,-57.0,-64.0,-4.0,-23.0,12.0
39240,159.0,-28.0,-63.0,-4.0,-22.0,14.0
39280,169.0,-5.0,-60.0,-5.0,-22.0,17.0
39320,184.0,48.0,-80.0,-7.0,-21.0,15.0
39360,192.0,84.0,-95.0,-9.0,-20.0,17.0
39400,204.0,78.0,-106.0,-11.0,-18.0,20.0
39440,209.0,86.0,-112.0,-12.0,-18.0,20.0
39480,206.0,106.0,-121.0,-14.0,-18.0,23.0
39520,193.0,75.0,-136.0,-17.0,-18.0,25.0
39560,189.0,78.0,-148.0,-17.0,-17.0,29.0
39600,207.0,79.0,-169.0,-17.0,-15.0,36.0
39640,222.0,68.0,-175.0,-19.0,-14.0,41.0
39680,227.0,75.0,-160.0,-21.0,-14.0,47.0
39720,224.0,100.0,-153.0,-25.0,-11.0,51.0
39760,227.0,80.0,-166.0,-26.0,-9.0,55.0
39800,233.0,60.0,-173.0,-29.0,-7.0,55.0
39840,234.0,79.0,-165.0,-32.0,-8.0,54.0
39880,236.0,52.0,-167.0,-35.0,-10.0,53.0
39920,239.0,49.0,-162.0,-36.0,-10.0,50.0
39960,225.0,71.0,-172.0,-36.0,-7.0,49.0
40000,203.0,68.0,-173.0,-39.0,-8.0,45.0
40040,179.0,87.0,-171.0,-38.0,-6.0,41.0
40080,169.0,71.0,-185.0,-39.0,-6.0,38.0
40120,168.0,35.0,-198.0,-39.0,-4.0,34.0
40160,167.0,2.0,-217.0,-40.0,-5.0,31.0
40200,158.0,10.0,-221.0,-40.0,-2.0,28.0
40240,147.0,8.0,-223.0,-41.0,-1.0,23.0
40280,129.0,5.0,-212.0,-43.0,1.0,19.0
40320,120.0,49.0,-208.0,-44.0,3.0,17.0
40360,133.0,76.0,-216.0,-44.0,3.0,16.0
40400,143.0,99.0,-205.0,-48.0,2.0,16.0
40440,161.0,100.0,-206.0,-50.0,4.0,12.0
40480,160.0,84.0,-196.0,-52.0,5.0,13.0
40520,143.0,71.0,-190.0,-52.0,6.0,10.0
40560,126.0,39.0,-207.0,-55.0,7.0,4.0
40600,119.0,6.0,-206.0,-56.0,10.0,1.0
40640,114.0,-46.0,-207.0,-54.0,12.0,-5.0
40680,105.0,-59.0,-195.0,-52.0,14.0,-12.0
40720,90.0,-51.0,-177.0,-52.0,15.0,-18.0
40760,75.0,-56.0,-189.0,-53.0,12.0,-24.0
40800,59.0,-49.0,-211.0,-53.0,13.0,-33.0
40840,51.0,-29.0,-219.0,-52.0,13.0,-38.0
40880,55.0,-28.0,-204.0,-51.0,12.0,-43.0
40920,59.0,-27.0,-173.0,-52.0,12.0,-46.0
40960,60.0,-14.0,-155.0,-50.0,11.0,-51.0
41000,62.0,0.0,-142.0,-52.0,13.0,-50.0
41040,65.0,1.0,-170.0,-52.0,14.0,-48.0
41080,61.0,8.0,-185.0,-50.0,16.0,-45.0
41120,54.0,-3.0,-184.0,-49.0,17.0,-39.0
41160,43.0,-16.0,-178.0,-46.0,19.0,-36.0
41200,38.0,-48.0,-164.0,-45.0,23.0,-29.0
41240,38.0,-61.0,-166.0,-45.0,22.0,-24.0
41280,30.0,-61.0,-167.0,-43.0,22.0,-23.0
41320,26.0,-67.0,-169.0,-44.0,24.0,-23.0
41360,21.0,-70.0,-156.0,-44.0,26.0,-23.0
41400,24.0,-43.0,-152.0,-43.0,25.0,-24.0
41440,41.0,-38.0,-150.0,-43.0,25.0,-26.0
41480,59.0,-15.0,-154.0,-41.0,23.0,-28.0
41520,77.0,-23.0,-155.0,-39.0,22.0,-30.0
41560,87.0,-6.0,-121.0,-38.0,20.0,-27.0
41600,82.0,21.0,-106.0,-36.0,20.0,-25.0
41640,80.0,-5.0,-102.0,-34.0,20.0,-21.0
41680,94.0,-25.0,-105.0,-35.0,22.0,-17.0
41720,112.0,-37.0,-107.0,-32.0,25.0,-12.0
41760,118.0,-24.0,-108.0,-32.0,29.0,-5.0
41800,107.0,-49.0,-121.0,-30.0,31.0,-1.0
41840,85.0,-36.0,-125.0,-30.0,32.0,6.0
41880,70.0,-31.0,-122.0,-29.0,33.0,10.0
41920,67.0,-12.0,-103.0,-27.0,33.0,16.0
41960,63.0,28.0,-118.0,-26.0,31.0,18.0
42000,78.0,2.0,-121.0,-25.0,32.0,22.0
42040,98.0,46.0,-103.0,-24.0,32.0,22.0
42080,111.0,71.0,-84.0,-24.0,32.0,26.0
42120,120.0,43.0,-80.0,-21.0,32.0,24.0
42160,139.0,7.0,-81.0,-20.0,32.0,26.0
42200,155.0,22.0,-86.0,-18.0,31.0,26.0
42240,160.0,-8.0,-84.0,-20.0,31.0,29.0
42280,149.0,-21.0,-73.0,-17.0,28.0,30.0
42320,132.0,27.0,-70.0,-16.0,28.0,33.0
42360,126.0,26.0,-69.0,-16.0,28.0,32.0
42400,129.0,42.0,-49.0,-15.0,29.0,35.0
42440,151.0,28.0,-57.0,-13.0,31.0,35.0
42480,177.0,15.0,-59.0,-12.0,32.0,34.0
42520,177.0,6.0,-48.0,-9.0,32.0,31.0
42560,163.0,8.0,-44.0,-10.0,33.0,32.0
42600,149.0,18.0,-65.0,-7.0,32.0,31.0
42640,141.0,31.0,-83.0,-5.0,31.0,28.0
42680,141.0,40.0,-78.0,-3.0,30.0,23.0
42720,157.0,58.0,-68.0,-5.0,30.0,20.0
42760,167.0,79.0,-68.0,-2.0,28.0,17.0
42800,172.0,80.0,-66.0,0.0,26.0,14.0
42840,166.0,91.0,-53.0,0.0,22.0,9.0
42880,173.0,66.0,-43.0,0.0,19.0,4.0
42920,185.0,42.0,-57.0,1.0,17.0,5.0
42960,193.0,68.0,-72.0,1.0,16.0,6.0
43000,199.0,56.0,-63.0,4.0,16.0,8.0
43040,198.0,16.0,-42.0,5.0,16.0,10.0
43080,182.0,42.0,-38.0,5.0,15.0,14.0
43120,167.0,45.0,-51.0,5.0,18.0,15.0
43160,160.0,-2.0,-55.0,6.0,18.0,15.0
43200,157.0,-37.0,-38.0,5.0,19.0,17.0
43240,150.0,-40.0,-32.0,6.0,18.0,14.0
43280,144.0,-72.0,-44.0,5.0,17.0,13.0
43320,135.0,-89.0,-64.0,4.0,16.0,8.0
43360,128.0,-90.0,-58.0,6.0,11.0,5.0
43400,121.0,-83.0,-53.0,5.0,9.0,1.0
43440,111.0,-77.0,-35.0,6.0,7.0,-2.0
43480,114.0,-84.0,-35.0,6.0,5.0,-6.0
43520,125.0,-69.0,-25.0,7.0,3.0,-7.0
43560,129.0,-55.0,-14.0,6.0,3.0,-9.0
43600,117.0,-53.0,-4.0,6.0,3.0,-11.0
43640,109.0,-42.0,5.0,7.0,3.0,-10.0
43680,106.0,-13.0,12.0,7.0,1.0,-11.0
43720,96.0,-9.0,15.0,7.0,4.0,-11.0
43760,93.0,-12.0,13.0,8.0,5.0,-12.0
43800,96.0,14.0,8.0,6.0,5.0,-12.0
43840,101.0,20.0,14.0,5.0,5.0,-15.0
43880,99.0,-9.0,27.0,5.0,4.0,-14.0
43920,98.0,-22.0,21.0,4.0,2.0,-14.0
43960,100.0,-26.0,19.0,2.0,1.0,-14.0
44000,103.0,-38.0,17.0,3.0,0.0,-15.0
44040,108.0,-85.0,13.0,2.0,-4.0,-14.0
44080,117.0,-97.0,10.0,2.0,-6.0,-14.0
44120,114.0,-59.0,16.0,1.0,-9.0,-13.0
44160,98.0,-45.0,18.0,3.0,-9.0,-11.0
44200,93.0,-66.0,20.0,2.0,-8.0,-9.0
44240,103.0,-37.0,28.0,2.0,-7.0,-8.0
44280,103.0,-6.0,38.0,2.0,-8.0,-5.0
44320,99.0,-17.0,47.0,2.0,-8.0,-2.0
44360,89.0,-10.0,61.0,2.0,-6.0,-3.0
44400,79.0,-8.0,75.0,1.0,-8.0,-1.0
44440,60.0,-1.0,88.0,2.0,-7.0,1.0
44480,46.0,2.0,74.0,3.0,-6.0,2.0
44520,55.0,-23.0,67.0,1.0,-8.0,1.0
44560,68.0,-26.0,70.0,3.0,-5.0,4.0
44600,63.0,-25.0,88.0,3.0,-6.0,4.0
44640,61.0,-52.0,90.0,4.0,-7.0,6.0
44680,71.0,-53.0,84.0,5.0,-8.0,6.0
44720,76.0,-21.0,90.0,3.0,-9.0,8.0
44760,75.0,-34.0,98.0,4.0,-10.0,11.0
44800,83.0,-32.0,105.0,5.0,-11.0,11.0
44840,90.0,13.0,99.0,4.0,-15.0,11.0
44880,91.0,16.0,99.0,4.0,-15.0,11.0
44920,82.0,12.0,108.0,4.0,-16.0,12.0
44960,83.0,29.0,119.0,5.0,-15.0,12.0
45000,85.0,55.0,108.0,6.0,-15.0,11.0
45040,74.0,40.0,110.0,7.0,-14.0,10.0
45080,74.0,-2.0,116.0,5.0,-14.0,9.0
45120,81.0,1.0,113.0,8.0,-12.0,9.0
45160,72.0,32.0,109.0,8.0,-11.0,7.0
45200,49.0,3.0,106.0,12.0,-13.0,8.0
45240,41.0,-22.0,95.0,13.0,-14.0,10.0
45280,38.0,20.0,100.0,13.0,-15.0,12.0
45320,33.0,45.0,101.0,16.0,-15.0,12.0
45360,28.0,36.0,121.0,18.0,-16.0,16.0
45400,38.0,38.0,126.0,17.0,-16.0,16.0
45440,45.0,40.0,127.0,17.0,-18.0,18.0
45480,45.0,28.0,128.0,15.0,-16.0,21.0
45520,34.0,23.0,126.0,17.0,-18.0,20.0
45560,14.0,-2.0,134.0,17.0,-17.0,22.0
45600,-11.0,-6.0,140.0,18.0,-15.0,20.0
45640,-30.0,2.0,154.0,20.0,-15.0,21.0
45680,-38.0,12.0,161.0,23.0,-14.0,18.0
45720,-31.0,-10.0,172.0,24.0,-13.0,15.0
45760,-13.0,-34.0,182.0,25.0,-13.0,11.0
45800,-1.0,-27.0,178.0,25.0,-13.0,9.0
45840,-19.0,6.0,179.0,27.0,-14.0,4.0
45880,-31.0,-32.0,183.0,27.0,-14.0,4.0
45920,-23.0,-36.0,190.0,30.0,-19.0,5.0
45960,-23.0,13.0,184.0,31.0,-17.0,6.0
46000,-40.0,29.0,188.0,32.0,-17.0,6.0
46040,-44.0,-12.0,173.0,33.0,-15.0,7.0
46080,-37.0,-11.0,173.0,35.0,-15.0,11.0
46120,-54.0,-5.0,197.0,37.0,-14.0,13.0
46160,-81.0,-46.0,202.0,38.0,-12.0,14.0
46200,-92.0,-90.0,203.0,38.0,-11.0,10.0
46240,-93.0,-95.0,206.0,37.0,-10.0,8.0
46280,-106.0,-64.0,209.0,37.0,-9.0,4.0
46320,-130.0,-54.0,213.0,40.0,-10.0,1.0
46360,-175.0,-110.0,271.0,39.0,-11.0,-4.0
46400,-189.0,-101.0,495.0,42.0,-12.0,-10.0
46440,-196.0,24.0,763.0,43.0,-14.0,-16.0
46480,-138.0,-67.0,709.0,42.0,-12.0,-19.0
46520,-28.0,-151.0,342.0,41.0,-11.0,-23.0
46560,77.0,-89.0,-112.0,41.0,-13.0,-27.0
46600,45.0,69.0,-50.0,46.0,-16.0,-30.0
46640,-91.0,88.0,297.0,63.0,-19.0,-28.0
46680,-121.0,-145.0,554.0,80.0,-24.0,-25.0
46720,-74.0,29.0,528.0,85.0,-23.0,-17.0
46760,-17.0,130.0,353.0,73.0,-23.0,-13.0
46800,16.0,-35.0,429.0,61.0,-21.0,-20.0
46840,31.0,-118.0,659.0,59.0,-13.0,-24.0
46880,31.0,-217.0,806.0,58.0,-2.0,-27.0
46920,-24.0,-49.0,834.0,54.0,2.0,-21.0
46960,-97.0,6.0,683.0,49.0,-1.0,-25.0
47000,-108.0,4.0,721.0,49.0,-4.0,-31.0
47040,-71.0,16.0,998.0,56.0,-9.0,-37.0
47080,-101.0,160.0,1268.0,69.0,-12.0,-30.0
47120,-159.0,142.0,1341.0,76.0,-19.0,-23.0
47160,-187.0,85.0,1220.0,80.0,-26.0,-19.0
47200,-170.0,294.0,1083.0,81.0,-28.0,-18.0
47240,-79.0,258.0,992.0,81.0,-22.0,-13.0
47280,47.0,121.0,832.0,83.0,-14.0,-1.0
47320,147.0,74.0,538.0,86.0,-10.0,7.0
47360,165.0,61.0,292.0,88.0,-8.0,9.0
47400,81.0,91.0,110.0,91.0,-8.0,11.0
47440,2.0,59.0,15.0,96.0,-11.0,20.0
47480,8.0,80.0,-129.0,102.0,-11.0,32.0
47520,42.0,108.0,-232.0,105.0,-11.0,42.0
47560,89.0,100.0,-293.0,108.0,-7.0,36.0
47600,164.0,-74.0,-387.0,108.0,1.0,44.0
47640,219.0,-94.0,-413.0,113.0,2.0,52.0
47680,198.0,-83.0,-533.0,112.0,3.0,66.0
47720,116.0,-111.0,-639.0,107.0,1.0,66.0
47760,18.0,-28.0,-722.0,95.0,5.0,52.0
47800,-24.0,-73.0,-720.0,92.0,10.0,42.0
47840,-50.0,21.0,-552.0,91.0,16.0,37.0
47880,-66.0,28.0,-404.0,94.0,12.0,39.0
47920,-70.0,74.0,-306.0,85.0,5.0,32.0
47960,-105.0,131.0,-316.0,73.0,3.0,30.0
48000,-154.0,147.0,-350.0,68.0,5.0,21.0
48040,-187.0,107.0,-365.0,69.0,12.0,28.0
48080,-171.0,26.0,-325.0,73.0,12.0,29.0
48120,-189.0,-13.0,-255.0,69.0,12.0,38.0
48160,-232.0,-40.0,-188.0,59.0,13.0,43.0
48200,-276.0,-2.0,-175.0,49.0,18.0,42.0
48240,-303.0,90.0,-136.0,37.0,25.0,40.0
48280,-299.0,77.0,-135.0,25.0,34.0,34.0
48320,-281.0,75.0,-107.0,15.0,42.0,28.0
48360,-250.0,57.0,-136.0,12.0,42.0,25.0
48400,-235.0,39.0,-178.0,8.0,37.0,16.0
48440,-252.0,34.0,-200.0,5.0,25.0,2.0
48480,-294.0,43.0,-238.0,5.0,17.0,-16.0
48520,-337.0,105.0,-283.0,7.0,14.0,-26.0
48560,-360.0,53.0,-301.0,10.0,11.0,-31.0
48600,-364.0,20.0,-242.0,10.0,2.0,-33.0
48640,-326.0,-29.0,-205.0,3.0,-4.0,-37.0
48680,-293.0,15.0,-184.0,-5.0,-1.0,-43.0
48720,-288.0,60.0,-229.0,-15.0,8.0,-39.0
48760,-296.0,24.0,-198.0,-24.0,20.0,-31.0
48800,-297.0,67.0,-101.0,-28.0,25.0,-22.0
48840,-280.0,29.0,-1.0,-30.0,23.0,-23.0
48880,-257.0,42.0,155.0,-32.0,20.0,-21.0
48920,-284.0,-68.0,274.0,-37.0,16.0,-19.0
48960,-341.0,-116.0,436.0,-38.0,14.0,-6.0
49000,-433.0,82.0,579.0,-38.0,5.0,-3.0
49040,-500.0,225.0,691.0,-42.0,-2.0,-11.0
49080,-488.0,85.0,783.0,-49.0,-4.0,-9.0
49120,-393.0,-106.0,818.0,-53.0,-2.0,-8.0
49160,-298.0,-50.0,842.0,-51.0,-3.0,-5.0
49200,-267.0,-15.0,863.0,-49.0,-4.0,-15.0
49240,-288.0,-124.0,864.0,-50.0,-5.0,-25.0
49280,-293.0,-252.0,836.0,-55.0,-5.0,-28.0
49320,-276.0,-180.0,856.0,-51.0,-8.0,-23.0
49360,-290.0,-54.0,828.0,-43.0,-17.0,-24.0
49400,-293.0,-97.0,818.0,-36.0,-24.0,-29.0
49440,-256.0,-83.0,792.0,-35.0,-24.0,-33.0
49480,-220.0,68.0,752.0,-37.0,-19.0,-20.0
49520,-241.0,200.0,679.0,-38.0,-21.0,-8.0
49560,-236.0,114.0,500.0,-32.0,-26.0,2.0
49600,-154.0,-12.0,381.0,-28.0,-28.0,3.0
49640,-62.0,-62.0,315.0,-25.0,-24.0,5.0
49680,-26.0,-77.0,293.0,-25.0,-18.0,14.0
49720,-15.0,-112.0,211.0,-24.0,-21.0,17.0
49760,7.0,-48.0,86.0,-22.0,-27.0,17.0
49800,2.0,87.0,18.0,-19.0,-29.0,10.0
49840,2.0,119.0,-36.0,-15.0,-30.0,4.0
49880,34.0,137.0,-95.0,-11.0,-31.0,0.0
49920,96.0,180.0,-157.0,-8.0,-38.0,-5.0
49960,131.0,161.0,-193.0,-5.0,-45.0,-9.0
50000,151.0,94.0,-239.0,-6.0,-44.0,-7.0
50040,182.0,63.0,-317.0,-7.0,-44.0,-4.0
50080,191.0,86.0,-371.0,-8.0,-44.0,-1.0
50120,176.0,0.0,-371.0,-7.0,-40.0,0.0
50160,172.0,-72.0,-333.0,-5.0,-32.0,5.0
50200,199.0,-52.0,-342.0,-10.0,-26.0,13.0
50240,214.0,10.0,-397.0,-16.0,-22.0,19.0
50280,210.0,61.0,-473.0,-20.0,-24.0,21.0
50320,207.0,44.0,-548.0,-17.0,-24.0,20.0
50360,220.0,56.0,-558.0,-13.0,-24.0,18.0
50400,224.0,69.0,-538.0,-13.0,-24.0,15.0
50440,219.0,86.0,-556.0,-16.0,-28.0,13.0
50480,236.0,116.0,-650.0,-22.0,-33.0,6.0
50520,247.0,180.0,-747.0,-21.0,-34.0,5.0
50560,218.0,291.0,-770.0,-17.0,-30.0,1.0
50600,189.0,285.0,-760.0,-16.0,-23.0,4.0
50640,201.0,240.0,-745.0,-19.0,-18.0,5.0
50680,244.0,186.0,-766.0,-23.0,-11.0,1.0
50720,277.0,166.0,-804.0,-26.0,-6.0,-2.0
50760,289.0,80.0,-842.0,-26.0,-2.0,-1.0
50800,292.0,9.0,-848.0,-27.0,0.0,4.0
50840,263.0,12.0,-790.0,-26.0,-4.0,10.0
50880,214.0,-7.0,-692.0,-24.0,-10.0,10.0
50920,175.0,10.0,-626.0,-27.0,-11.0,9.0
50960,182.0,56.0,-607.0,-27.0,-16.0,7.0
51000,195.0,119.0,-570.0,-30.0,-14.0,15.0
51040,193.0,118.0,-492.0,-28.0,-10.0,18.0
51080,183.0,86.0,-404.0,-26.0,-5.0,16.0
51120,186.0,58.0,-361.0,-26.0,1.0,9.0
51160,173.0,-18.0,-342.0,-30.0,5.0,3.0
51200,143.0,-72.0,-323.0,-30.0,10.0,1.0
51240,119.0,-89.0,-295.0,-28.0,14.0,0.0
51280,100.0,-56.0,-267.0,-22.0,12.0,-7.0
51320,83.0,-57.0,-224.0,-20.0,9.0,-12.0
51360,45.0,-34.0,-188.0,-19.0,8.0,-11.0
51400,17.0,12.0,-170.0,-17.0,6.0,-7.0
51440,12.0,50.0,-154.0,-13.0,5.0,-5.0
51480,33.0,50.0,-100.0,-10.0,5.0,-5.0
51520,70.0,-5.0,-51.0,-7.0,8.0,1.0
51560,116.0,-24.0,-17.0,-5.0,12.0,10.0
51600,156.0,-15.0,-28.0,-1.0,14.0,13.0
51640,166.0,-20.0,-8.0,1.0,16.0,11.0
51680,151.0,-91.0,41.0,3.0,19.0,6.0
51720,134.0,-94.0,108.0,6.0,26.0,1.0
51760,123.0,-32.0,129.0,9.0,30.0,-1.0
51800,136.0,-41.0,135.0,14.0,28.0,-6.0
51840,159.0,-69.0,184.0,15.0,25.0,-15.0
51880,187.0,-158.0,266.0,18.0,24.0,-24.0
51920,189.0,-109.0,327.0,18.0,24.0,-29.0
51960,182.0,-104.0,308.0,17.0,23.0,-28.0
52000,196.0,-140.0,269.0,19.0,23.0,-29.0
52040,222.0,-126.0,238.0,20.0,26.0,-23.0
52080,254.0,-120.0,222.0,19.0,30.0,-22.0
52120,260.0,-34.0,219.0,25.0,34.0,-14.0
52160,261.0,-54.0,196.0,27.0,39.0,-10.0
52200,253.0,-74.0,212.0,31.0,46.0,-5.0
52240,248.0,-99.0,221.0,31.0,51.0,-3.0
52280,246.0,-57.0,182.0,34.0,53.0,1.0
52320,250.0,-38.0,102.0,34.0,52.0,1.0
52360,252.0,-90.0,25.0,35.0,51.0,-3.0
52400,228.0,-55.0,9.0,32.0,52.0,-8.0
52440,207.0,-46.0,-30.0,30.0,53.0,-11.0
52480,205.0,9.0,-81.0,29.0,53.0,-16.0
52520,231.0,9.0,-170.0,30.0,54.0,-21.0
52560,274.0,-27.0,-209.0,29.0,59.0,-27.0
52600,321.0,-10.0,-223.0,26.0,63.0,-31.0
52640,364.0,-31.0,-250.0,25.0,67.0,-30.0
52680,386.0,-39.0,-278.0,25.0,70.0,-24.0
52720,402.0,-114.0,-329.0,27.0,73.0,-18.0
52760,412.0,-66.0,-379.0,26.0,72.0,-8.0
52800,415.0,8.0,-468.0,20.0,73.0,0.0
52840,412.0,-1.0,-528.0,17.0,73.0,7.0
52880,394.0,-24.0,-543.0,17.0,74.0,11.0
52920,383.0,-92.0,-513.0,18.0,76.0,17.0
52960,371.0,-58.0,-491.0,15.0,78.0,16.0
53000,375.0,-95.0,-534.0,11.0,78.0,13.0
53040,386.0,-159.0,-580.0,4.0,82.0,9.0
53080,382.0,-176.0,-580.0,6.0,85.0,4.0
53120,370.0,-161.0,-585.0,6.0,88.0,0.0
53160,343.0,-94.0,-600.0,4.0,89.0,-4.0
53200,330.0,-115.0,-648.0,2.0,88.0,-7.0
53240,325.0,-69.0,-651.0,3.0,86.0,-7.0
53280,331.0,3.0,-633.0,4.0,81.0,-9.0
53320,349.0,17.0,-628.0,2.0,79.0,-9.0
53360,367.0,13.0,-603.0,-2.0,77.0,-8.0
53400,384.0,-36.0,-561.0,-5.0,76.0,-3.0
53440,388.0,-49.0,-497.0,-7.0,74.0,3.0
53480,394.0,-60.0,-504.0,-9.0,72.0,10.0
53520,393.0,-36.0,-557.0,-15.0,71.0,13.0
53560,399.0,-91.0,-567.0,-19.0,75.0,16.0
53600,393.0,-149.0,-529.0,-19.0,79.0,19.0
53640,375.0,-108.0,-464.0,-17.0,82.0,18.0
53680,365.0,-155.0,-419.0,-12.0,81.0,11.0
53720,367.0,-206.0,-347.0,-11.0,79.0,4.0
53760,365.0,-224.0,-285.0,-15.0,80.0,-6.0
53800,364.0,-179.0,-210.0,-16.0,75.0,-17.0
53840,368.0,-154.0,-179.0,-16.0,67.0,-28.0
53880,373.0,-129.0,-159.0,-18.0,63.0,-39.0
53920,371.0,-113.0,-125.0,-21.0,59.0,-44.0
53960,374.0,-62.0,-82.0,-22.0,53.0,-40.0
54000,381.0,22.0,-77.0,-25.0,50.0,-43.0
54040,406.0,-35.0,-65.0,-22.0,47.0,-44.0
54080,422.0,-87.0,-13.0,-23.0,49.0,-46.0
54120,412.0,-102.0,61.0,-22.0,54.0,-41.0
54160,376.0,-62.0,126.0,-19.0,53.0,-35.0
54200,332.0,-83.0,138.0,-16.0,52.0,-30.0
54240,310.0,-140.0,122.0,-16.0,50.0,-28.0
54280,305.0,-105.0,143.0,-21.0,51.0,-28.0
54320,288.0,-38.0,152.0,-21.0,51.0,-27.0
54360,268.0,-9.0,152.0,-22.0,50.0,-27.0
54400,265.0,-91.0,156.0,-20.0,48.0,-34.0
54440,281.0,-80.0,211.0,-21.0,46.0,-37.0
54480,283.0,-41.0,268.0,-24.0,42.0,-42.0
54520,290.0,-54.0,277.0,-25.0,38.0,-47.0
54560,301.0,-90.0,264.0,-23.0,36.0,-53.0
54600,311.0,-97.0,264.0,-20.0,34.0,-53.0
54640,279.0,-24.0,264.0,-20.0,33.0,-50.0
54680,237.0,-4.0,214.0,-20.0,31.0,-44.0
54720,205.0,32.0,158.0,-19.0,27.0,-39.0
54760,190.0,51.0,122.0,-18.0,25.0,-34.0
54800,179.0,53.0,142.0,-17.0,28.0,-28.0
54840,182.0,65.0,134.0,-17.0,30.0,-20.0
54880,191.0,75.0,106.0,-18.0,30.0,-14.0
54920,185.0,95.0,91.0,-22.0,31.0,-8.0
54960,162.0,78.0,79.0,-26.0,31.0,-2.0
55000,138.0,108.0,29.0,-26.0,32.0,6.0
55040,128.0,131.0,-40.0,-26.0,29.0,10.0
55080,123.0,115.0,-96.0,-26.0,27.0,14.0
55120,115.0,96.0,-118.0,-27.0,24.0,18.0
55160,108.0,74.0,-143.0,-26.0,20.0,28.0
55200,113.0,69.0,-171.0,-25.0,15.0,34.0
55240,115.0,20.0,-215.0,-25.0,12.0,41.0
55280,98.0,-8.0,-221.0,-26.0,10.0,46.0
55320,84.0,-44.0,-225.0,-28.0,8.0,58.0
55360,78.0,-41.0,-252.0,-32.0,7.0,70.0
55400,68.0,-19.0,-302.0,-34.0,4.0,81.0
55440,56.0,-57.0,-350.0,-37.0,4.0,88.0
55480,47.0,-57.0,-375.0,-40.0,4.0,96.0
55520,31.0,-16.0,-387.0,-39.0,8.0,98.0
55560,28.0,-49.0,-394.0,-37.0,10.0,97.0
55600,42.0,-115.0,-371.0,-35.0,11.0,96.0
55640,45.0,-97.0,-344.0,-35.0,10.0,90.0
55680,26.0,-74.0,-332.0,-35.0,8.0,87.0
55720,3.0,-78.0,-346.0,-33.0,5.0,80.0
55760,-13.0,-58.0,-361.0,-34.0,2.0,75.0
55800,-21.0,-31.0,-349.0,-34.0,-1.0,70.0
55840,-22.0,-4.0,-329.0,-36.0,-6.0,67.0
55880,-13.0,8.0,-353.0,-40.0,-9.0,62.0
55920,6.0,-5.0,-368.0,-39.0,-12.0,55.0
55960,12.0,-25.0,-347.0,-39.0,-11.0,49.0
56000,-15.0,11.0,-286.0,-40.0,-11.0,44.0
56040,-48.0,25.0,-252.0,-37.0,-11.0,41.0
56080,-77.0,38.0,-250.0,-34.0,-12.0,36.0
56120,-101.0,81.0,-241.0,-32.0,-12.0,32.0
56160,-117.0,114.0,-226.0,-29.0,-12.0,27.0
56200,-121.0,140.0,-206.0,-27.0,-9.0,20.0
56240,-109.0,113.0,-202.0,-22.0,-8.0,9.0
56280,-99.0,101.0,-153.0,-20.0,-6.0,-2.0
56320,-104.0,98.0,-83.0,-19.0,-6.0,-14.0
56360,-111.0,77.0,-26.0,-20.0,-7.0,-27.0
56400,-109.0,66.0,5.0,-18.0,-10.0,-39.0
56440,-102.0,55.0,42.0,-17.0,-13.0,-50.0
56480,-123.0,98.0,119.0,-15.0,-15.0,-57.0
56520,-152.0,99.0,158.0,-13.0,-20.0,-57.0
56560,-171.0,116.0,197.0,-10.0,-21.0,-58.0
56600,-182.0,114.0,226.0,-5.0,-24.0,-60.0
56640,-212.0,72.0,286.0,0.0,-23.0,-57.0
56680,-241.0,-9.0,343.0,4.0,-20.0,-56.0
56720,-263.0,-49.0,374.0,7.0,-17.0,-56.0
56760,-294.0,-33.0,376.0,10.0,-15.0,-60.0
56800,-337.0,-37.0,389.0,12.0,-11.0,-65.0
56840,-375.0,-10.0,413.0,13.0,-9.0,-69.0
56880,-383.0,49.0,436.0,17.0,-12.0,-74.0
56920,-385.0,106.0,466.0,23.0,-15.0,-77.0
56960,-380.0,127.0,496.0,28.0,-21.0,-82.0
57000,-363.0,148.0,542.0,31.0,-27.0,-83.0
57040,-347.0,204.0,588.0,35.0,-32.0,-83.0
57080,-332.0,217.0,630.0,38.0,-35.0,-81.0
57120,-309.0,161.0,653.0,44.0,-34.0,-75.0
57160,-293.0,149.0,680.0,49.0,-32.0,-67.0
57200,-305.0,138.0,720.0,52.0,-32.0,-55.0
57240,-341.0,97.0,750.0,56.0,-30.0,-42.0
57280,-376.0,31.0,747.0,60.0,-28.0,-30.0
57320,-419.0,27.0,748.0,62.0,-25.0,-15.0
57360,-460.0,-18.0,708.0,64.0,-24.0,-3.0
57400,-461.0,-74.0,699.0,69.0,-28.0,8.0
57440,-435.0,-90.0,671.0,74.0,-30.0,12.0
57480,-403.0,-129.0,643.0,76.0,-32.0,11.0
57520,-379.0,-157.0,626.0,81.0,-34.0,10.0
57560,-345.0,-132.0,562.0,84.0,-36.0,5.0
57600,-316.0,-51.0,477.0,90.0,-39.0,1.0
57640,-298.0,-9.0,417.0,95.0,-42.0,-4.0
57680,-281.0,-2.0,388.0,100.0,-47.0,-1.0
57720,-251.0,58.0,364.0,103.0,-51.0,-1.0
57760,-225.0,128.0,316.0,107.0,-51.0,4.0
57800,-210.0,144.0,267.0,110.0,-51.0,8.0
57840,-199.0,84.0,229.0,112.0,-46.0,16.0
57880,-180.0,70.0,212.0,111.0,-41.0,25.0
57920,-184.0,73.0,180.0,115.0,-39.0,36.0
57960,-208.0,16.0,129.0,114.0,-37.0,41.0
58000,-236.0,-6.0,89.0,115.0,-33.0,52.0
58040,-251.0,0.0,40.0,114.0,-31.0,62.0
58080,-250.0,27.0,-9.0,114.0,-32.0,70.0
58120,-234.0,45.0,-39.0,117.0,-34.0,73.0
58160,-197.0,33.0,-47.0,119.0,-36.0,74.0
58200,-165.0,73.0,-44.0,119.0,-36.0,75.0
58240,-128.0,88.0,-69.0,119.0,-36.0,69.0
58280,-85.0,106.0,-110.0,116.0,-34.0,63.0
58320,-34.0,102.0,-145.0,113.0,-33.0,56.0
58360,-16.0,119.0,-172.0,111.0,-28.0,48.0
58400,-24.0,129.0,-190.0,109.0,-27.0,47.0
58440,-38.0,141.0,-204.0,108.0,-26.0,43.0
58480,-46.0,144.0,-208.0,105.0,-22.0,44.0
58520,-62.0,151.0,-194.0,104.0,-18.0,44.0
58560,-74.0,153.0,-190.0,103.0,-13.0,49.0
58600,-82.0,151.0,-186.0,103.0,-8.0,53.0
58640,-88.0,123.0,-181.0,103.0,-3.0,54.0
58680,-97.0,85.0,-163.0,101.0,1.0,56.0
58720,-109.0,101.0,-164.0,97.0,5.0,54.0
58760,-115.0,119.0,-172.0,93.0,7.0,54.0
58800,-119.0,117.0,-171.0,90.0,9.0,50.0
58840,-114.0,82.0,-140.0,86.0,10.0,46.0
58880,-112.0,111.0,-79.0,80.0,8.0,42.0
58920,-119.0,141.0,-18.0,79.0,8.0,35.0
58960,-129.0,135.0,32.0,76.0,7.0,28.0
59000,-130.0,100.0,87.0,71.0,9.0,23.0
59040,-121.0,67.0,140.0,69.0,9.0,18.0
59080,-123.0,105.0,185.0,64.0,11.0,13.0
59120,-137.0,81.0,202.0,64.0,14.0,9.0
59160,-150.0,20.0,231.0,60.0,17.0,5.0
59200,-159.0,2.0,288.0,58.0,22.0,5.0
59240,-170.0,28.0,339.0,54.0,24.0,4.0
59280,-178.0,42.0,373.0,52.0,26.0,-3.0
59320,-181.0,30.0,391.0,51.0,27.0,-5.0
59360,-168.0,3.0,424.0,49.0,28.0,-11.0
59400,-151.0,-3.0,446.0,44.0,29.0,-16.0
59440,-156.0,51.0,432.0,42.0,30.0,-23.0
59480,-166.0,27.0,386.0,40.0,25.0,-32.0
59520,-175.0,-15.0,350.0,36.0,24.0,-38.0
59560,-191.0,15.0,338.0,35.0,22.0,-41.0
59600,-203.0,28.0,337.0,32.0,19.0,-45.0
59640,-210.0,-6.0,327.0,30.0,16.0,-50.0
59680,-213.0,-39.0,320.0,29.0,17.0,-55.0
59720,-220.0,-24.0,349.0,26.0,21.0,-56.0
59760,-222.0,-3.0,359.0,22.0,22.0,-54.0
59800,-217.0,-49.0,345.0,21.0,22.0,-56.0
59840,-210.0,-89.0,327.0,17.0,23.0,-57.0
59880,-217.0,-112.0,297.0,13.0,24.0,-50.0
59920,-244.0,-84.0,294.0,9.0,23.0,-43.0
59960,-266.0,-104.0,267.0,6.0,20.0,-38.0
60000,-273.0,-124.0,266.0,5.0,16.0,-31.0
60040,-269.0,-123.0,274.0,2.0,14.0,-26.0
60080,-257.0,-107.0,265.0,0.0,14.0,-20.0
60120,-236.0,-135.0,226.0,-3.0,13.0,-17.0
60160,-197.0,-206.0,191.0,-5.0,14.0,-17.0
60200,-183.0,-214.0,163.0,-10.0,15.0,-16.0
60240,-181.0,-273.0,102.0,-14.0,15.0,-15.0
60280,-205.0,-223.0,59.0,-18.0,14.0,-11.0
60320,-235.0,-149.0,1.0,-21.0,13.0,-10.0
60360,-233.0,-239.0,-12.0,-25.0,11.0,-10.0
60400,-199.0,-221.0,18.0,-28.0,11.0,-7.0
60440,-167.0,-131.0,-13.0,-31.0,8.0,-6.0
60480,-162.0,-109.0,-44.0,-33.0,7.0,-4.0
60520,-174.0,-203.0,-63.0,-37.0,5.0,0.0
60560,-180.0,-217.0,-65.0,-40.0,5.0,5.0
60600,-175.0,-152.0,-72.0,-42.0,7.0,9.0
60640,-159.0,-142.0,-183.0,-45.0,4.0,14.0
60680,-127.0,-118.0,-329.0,-48.0,6.0,17.0
60720,-72.0,-135.0,-408.0,-47.0,7.0,20.0
60760,-40.0,-48.0,-346.0,-46.0,10.0,22.0
60800,-43.0,34.0,-268.0,-43.0,9.0,19.0
60840,-44.0,19.0,-238.0,-42.0,7.0,16.0
60880,-15.0,29.0,-238.0,-45.0,5.0,15.0
60920,29.0,25.0,-228.0,-49.0,2.0,13.0
60960,52.0,55.0,-171.0,-55.0,0.0,13.0
61000,62.0,15.0,-148.0,-59.0,-3.0,11.0
61040,70.0,7.0,-135.0,-59.0,-5.0,11.0
61080,65.0,23.0,-138.0,-63.0,-1.0,16.0
61120,69.0,3.0,-114.0,-64.0,-3.0,21.0
61160,82.0,12.0,-65.0,-61.0,-2.0,21.0
61200,95.0,-54.0,-16.0,-58.0,-4.0,21.0
61240,78.0,-75.0,48.0,-56.0,-4.0,20.0
61280,40.0,-57.0,57.0,-52.0,-4.0,27.0
61320,23.0,-30.0,16.0,-50.0,-8.0,26.0
61360,36.0,-43.0,-52.0,-48.0,-10.0,23.0
61400,73.0,-12.0,-97.0,-46.0,-11.0,19.0
61440,118.0,26.0,-139.0,-45.0,-10.0,16.0
61480,173.0,12.0,-195.0,-41.0,-10.0,11.0
61520,203.0,84.0,-226.0,-37.0,-13.0,3.0
61560,214.0,88.0,-239.0,-35.0,-15.0,-6.0
61600,220.0,82.0,-208.0,-31.0,-16.0,-10.0
61640,226.0,122.0,-187.0,-26.0,-18.0,-14.0
61680,248.0,144.0,-188.0,-23.0,-18.0,-20.0
61720,286.0,125.0,-170.0,-22.0,-19.0,-21.0
61760,335.0,98.0,-167.0,-18.0,-17.0,-21.0
61800,362.0,125.0,-179.0,-15.0,-15.0,-20.0
61840,371.0,60.0,-200.0,-12.0,-16.0,-20.0
61880,347.0,64.0,-192.0,-10.0,-19.0,-22.0
61920,294.0,65.0,-173.0,-6.0,-21.0,-25.0
61960,243.0,27.0,-132.0,-4.0,-23.0,-22.0
62000,213.0,2.0,-83.0,2.0,-24.0,-23.0
62040,215.0,5.0,-63.0,6.0,-26.0,-21.0
62080,215.0,44.0,-58.0,6.0,-27.0,-21.0
62120,208.0,48.0,-75.0,7.0,-25.0,-19.0
62160,195.0,36.0,-106.0,11.0,-21.0,-21.0
62200,187.0,21.0,-124.0,17.0,-19.0,-21.0
62240,160.0,38.0,-126.0,21.0,-17.0,-27.0
62280,126.0,45.0,-118.0,22.0,-19.0,-27.0
62320,102.0,23.0,-108.0,25.0,-18.0,-26.0
62360,94.0,65.0,-109.0,25.0,-18.0,-22.0
62400,86.0,111.0,-135.0,26.0,-18.0,-18.0
62440,85.0,120.0,-135.0,25.0,-16.0,-13.0
62480,79.0,122.0,-146.0,24.0,-15.0,-6.0
62520,78.0,61.0,-171.0,26.0,-10.0,7.0
62560,84.0,32.0,-204.0,27.0,-9.0,16.0
62600,79.0,22.0,-250.0,26.0,-7.0,21.0
62640,68.0,-31.0,-307.0,27.0,-4.0,24.0
62680,55.0,-117.0,-312.0,30.0,-1.0,25.0
62720,35.0,-123.0,-287.0,35.0,4.0,24.0
62760,16.0,-119.0,-258.0,35.0,6.0,21.0
62800,8.0,-146.0,-270.0,34.0,6.0,20.0
62840,19.0,-134.0,-301.0,33.0,7.0,14.0
62880,32.0,-75.0,-309.0,32.0,9.0,13.0
62920,30.0,-71.0,-291.0,28.0,10.0,11.0
62960,8.0,-75.0,-252.0,29.0,8.0,10.0
63000,-15.0,-63.0,-237.0,25.0,8.0,10.0
63040,-29.0,-21.0,-223.0,25.0,10.0,11.0
63080,-40.0,-8.0,-235.0,23.0,13.0,10.0
63120,-41.0,-27.0,-235.0,21.0,16.0,16.0
63160,-39.0,-9.0,-221.0,20.0,21.0,18.0
63200,-53.0,24.0,-210.0,23.0,25.0,23.0
63240,-72.0,14.0,-234.0,25.0,31.0,27.0
63280,-78.0,-7.0,-286.0,23.0,35.0,30.0
63320,-64.0,-3.0,-317.0,22.0,35.0,33.0
63360,-49.0,-7.0,-348.0,22.0,36.0,32.0
63400,-41.0,-39.0,-377.0,23.0,38.0,26.0
63440,-26.0,-82.0,-395.0,22.0,38.0,19.0
63480,-13.0,-84.0,-420.0,19.0,38.0,13.0
63520,-5.0,-54.0,-438.0,14.0,37.0,5.0
63560,10.0,-68.0,-454.0,14.0,38.0,-2.0
63600,44.0,-46.0,-472.0,13.0,38.0,-10.0
63640,76.0,-6.0,-477.0,14.0,40.0,-13.0
63680,92.0,16.0,-460.0,11.0,41.0,-15.0
63720,96.0,24.0,-453.0,12.0,43.0,-14.0
63760,99.0,35.0,-441.0,8.0,45.0,-17.0
63800,93.0,40.0,-420.0,8.0,49.0,-17.0
63840,77.0,41.0,-417.0,7.0,53.0,-15.0
63880,70.0,49.0,-424.0,4.0,56.0,-15.0
63920,75.0,50.0,-407.0,1.0,60.0,-17.0
63960,67.0,64.0,-389.0,-3.0,61.0,-14.0
64000,54.0,50.0,-361.0,-4.0,63.0,-14.0
64040,55.0,107.0,-353.0,-7.0,63.0,-10.0
64080,49.0,173.0,-357.0,-9.0,62.0,-11.0
64120,51.0,134.0,-347.0,-11.0,61.0,-9.0
64160,78.0,110.0,-331.0,-14.0,60.0,-8.0
64200,124.0,155.0,-342.0,-14.0,61.0,-7.0
64240,147.0,172.0,-344.0,-18.0,59.0,-6.0
64280,156.0,90.0,-363.0,-22.0,60.0,0.0
64320,176.0,98.0,-378.0,-25.0,59.0,4.0
64360,195.0,126.0,-379.0,-27.0,60.0,7.0
64400,205.0,79.0,-357.0,-29.0,60.0,14.0
64440,210.0,37.0,-347.0,-32.0,63.0,20.0
64480,217.0,22.0,-358.0,-34.0,63.0,28.0
64520,215.0,16.0,-345.0,-37.0,65.0,34.0
64560,203.0,-13.0,-326.0,-40.0,63.0,38.0
64600,190.0,-52.0,-319.0,-43.0,63.0,39.0
64640,187.0,-74.0,-317.0,-43.0,66.0,42.0
64680,187.0,-56.0,-319.0,-47.0,67.0,42.0
64720,187.0,-41.0,-296.0,-52.0,68.0,40.0
64760,193.0,-46.0,-236.0,-55.0,68.0,37.0
64800,188.0,-18.0,-126.0,-57.0,66.0,33.0
64840,166.0,29.0,-26.0,-60.0,67.0,30.0
64880,135.0,1.0,12.0,-63.0,66.0,26.0
64920,103.0,-13.0,-16.0,-67.0,62.0,25.0
64960,67.0,3.0,-51.0,-72.0,61.0,21.0
65000,29.0,-12.0,-20.0,-71.0,58.0,23.0
65040,-9.0,-58.0,66.0,-70.0,57.0,23.0
65080,-23.0,-98.0,103.0,-68.0,56.0,22.0
65120,-23.0,-63.0,104.0,-70.0,56.0,21.0
65160,-2.0,-82.0,106.0,-70.0,57.0,17.0
65200,13.0,-82.0,137.0,-72.0,58.0,12.0
65240,16.0,-79.0,164.0,-70.0,57.0,6.0
65280,14.0,-87.0,166.0,-67.0,54.0,1.0
65320,9.0,-26.0,150.0,-67.0,49.0,-6.0
65360,19.0,-36.0,128.0,-66.0,46.0,-14.0
65400,53.0,-51.0,186.0,-65.0,43.0,-24.0
65440,80.0,-60.0,227.0,-61.0,39.0,-31.0
65480,90.0,-88.0,256.0,-60.0,37.0,-40.0
65520,85.0,-126.0,295.0,-60.0,33.0,-46.0
65560,46.0,-162.0,305.0,-58.0,32.0,-52.0
65600,-15.0,-186.0,338.0,-56.0,29.0,-59.0
65640,-65.0,-254.0,322.0,-55.0,28.0,-64.0
65680,-92.0,-250.0,254.0,-51.0,25.0,-62.0
65720,-108.0,-242.0,192.0,-48.0,22.0,-63.0
65760,-143.0,-219.0,159.0,-43.0,19.0,-66.0
65800,-179.0,-199.0,148.0,-36.0,18.0,-68.0
65840,-182.0,-174.0,129.0,-32.0,15.0,-76.0
65880,-165.0,-92.0,113.0,-28.0,13.0,-82.0
65920,-154.0,-66.0,102.0,-24.0,12.0,-90.0
65960,-140.0,-81.0,102.0,-20.0,9.0,-97.0
66000,-119.0,-75.0,94.0,-17.0,6.0,-101.0
66040,-105.0,-50.0,60.0,-16.0,0.0,-104.0
66080,-111.0,-74.0,8.0,-11.0,-8.0,-103.0
66120,-106.0,-134.0,-57.0,-10.0,-11.0,-99.0
66160,-87.0,-129.0,-114.0,-9.0,-15.0,-94.0
66200,-67.0,-117.0,-152.0,-6.0,-15.0,-87.0
66240,-58.0,-144.0,-190.0,-1.0,-17.0,-81.0
66280,-49.0,-173.0,-218.0,3.0,-16.0,-76.0
66320,-48.0,-141.0,-211.0,8.0,-17.0,-70.0
66360,-65.0,-72.0,-198.0,9.0,-16.0,-63.0
66400,-70.0,-75.0,-256.0,11.0,-19.0,-58.0
66440,-49.0,-72.0,-333.0,15.0,-21.0,-53.0
66480,-30.0,11.0,-377.0,16.0,-26.0,-53.0
66520,-29.0,39.0,-358.0,16.0,-30.0,-48.0
66560,-35.0,28.0,-353.0,18.0,-35.0,-44.0
66600,-29.0,26.0,-375.0,21.0,-36.0,-40.0
66640,-16.0,79.0,-357.0,22.0,-38.0,-36.0
66680,-15.0,71.0,-320.0,21.0,-39.0,-33.0
66720,-14.0,13.0,-292.0,17.0,-40.0,-24.0
66760,-5.0,-37.0,-307.0,19.0,-39.0,-13.0
66800,-15.0,6.0,-313.0,19.0,-39.0,1.0
66840,-47.0,3.0,-316.0,19.0,-41.0,12.0
66880,-53.0,-60.0,-330.0,18.0,-41.0,27.0
66920,-36.0,-26.0,-347.0,19.0,-41.0,39.0
66960,-26.0,38.0,-345.0,20.0,-41.0,51.0
67000,-33.0,61.0,-310.0,20.0,-42.0,63.0
67040,-16.0,21.0,-281.0,18.0,-42.0,67.0
67080,7.0,75.0,-247.0,16.0,-41.0,68.0
67120,24.0,114.0,-212.0,14.0,-40.0,71.0
67160,35.0,86.0,-189.0,11.0,-41.0,72.0
67200,65.0,56.0,-178.0,11.0,-43.0,70.0
67240,103.0,39.0,-156.0,10.0,-44.0,64.0
67280,105.0,64.0,-101.0,10.0,-45.0,57.0
67320,86.0,45.0,-62.0,7.0,-45.0,54.0
67360,87.0,41.0,-27.0,8.0,-47.0,52.0
67400,94.0,71.0,13.0,8.0,-48.0,51.0
67440,73.0,121.0,80.0,7.0,-46.0,50.0
67480,38.0,130.0,145.0,4.0,-45.0,51.0
67520,26.0,113.0,168.0,2.0,-44.0,57.0
67560,15.0,179.0,175.0,3.0,-44.0,62.0
67600,-7.0,180.0,187.0,3.0,-42.0,65.0
67640,-19.0,137.0,210.0,3.0,-40.0,68.0
67680,-1.0,123.0,206.0,2.0,-38.0,67.0
67720,19.0,131.0,200.0,3.0,-38.0,65.0
67760,13.0,88.0,213.0,5.0,-37.0,58.0
67800,2.0,60.0,250.0,5.0,-36.0,44.0
67840,-4.0,85.0,274.0,4.0,-35.0,35.0
67880,-8.0,96.0,281.0,4.0,-35.0,25.0
67920,-8.0,72.0,275.0,5.0,-38.0,16.0
67960,11.0,54.0,277.0,5.0,-39.0,5.0
68000,23.0,63.0,288.0,7.0,-39.0,-3.0
68040,16.0,38.0,289.0,8.0,-38.0,-7.0
68080,-4.0,9.0,265.0,9.0,-35.0,-9.0
68120,-17.0,-15.0,242.0,8.0,-32.0,-11.0
68160,-36.0,-19.0,253.0,8.0,-28.0,-14.0
68200,-65.0,-34.0,269.0,6.0,-24.0,-17.0
68240,-91.0,-66.0,269.0,7.0,-17.0,-17.0
68280,-108.0,-47.0,263.0,9.0,-13.0,-17.0
68320,-134.0,-8.0,254.0,10.0,-10.0,-19.0
68360,-159.0,-15.0,248.0,7.0,-10.0,-25.0
68400,-166.0,5.0,237.0,6.0,-10.0,-30.0
68440,-159.0,34.0,206.0,9.0,-10.0,-39.0
68480,-160.0,59.0,191.0,8.0,-13.0,-46.0
68520,-164.0,59.0,184.0,4.0,-15.0,-54.0
68560,-161.0,86.0,175.0,2.0,-14.0,-62.0
68600,-147.0,118.0,168.0,0.0,-11.0,-65.0
68640,-138.0,149.0,173.0,-1.0,-8.0,-64.0
68680,-124.0,160.0,168.0,-2.0,-5.0,-57.0
68720,-107.0,131.0,123.0,-3.0,1.0,-51.0
68760,-95.0,113.0,44.0,-4.0,6.0,-42.0
68800,-100.0,58.0,-26.0,-2.0,10.0,-34.0
68840,-121.0,1.0,-57.0,0.0,12.0,-25.0
68880,-147.0,-32.0,-76.0,-1.0,14.0,-18.0
68920,-164.0,-61.0,-89.0,-2.0,18.0,-13.0
68960,-166.0,-77.0,-114.0,-3.0,24.0,-12.0
69000,-143.0,-109.0,-127.0,-6.0,25.0,-11.0
69040,-118.0,-48.0,-138.0,-10.0,25.0,-12.0
69080,-116.0,-15.0,-149.0,-13.0,25.0,-12.0
69120,-132.0,18.0,-151.0,-17.0,25.0,-13.0
69160,-134.0,60.0,-163.0,-19.0,24.0,-13.0
69200,-106.0,88.0,-158.0,-19.0,26.0,-11.0
69240,-67.0,103.0,-139.0,-20.0,25.0,-8.0
69280,-29.0,70.0,-133.0,-20.0,26.0,-5.0
69320,-20.0,75.0,-111.0,-20.0,27.0,2.0
69360,-43.0,78.0,-104.0,-22.0,31.0,12.0
69400,-85.0,75.0,-122.0,-24.0,35.0,20.0
69440,-125.0,52.0,-149.0,-25.0,39.0,29.0
69480,-145.0,10.0,-167.0,-23.0,43.0,41.0
69520,-165.0,-20.0,-181.0,-26.0,44.0,51.0
69560,-181.0,-73.0,-214.0,-25.0,45.0,62.0
69600,-208.0,-113.0,-218.0,-23.0,44.0,66.0
69640,-235.0,-118.0,-229.0,-23.0,43.0,65.0
69680,-250.0,-117.0,-237.0,-23.0,46.0,63.0
69720,-235.0,-124.0,-235.0,-21.0,46.0,58.0
69760,-205.0,-101.0,-226.0,-19.0,45.0,50.0
69800,-172.0,-94.0,-197.0,-16.0,44.0,36.0
69840,-151.0,-91.0,-151.0,-17.0,42.0,23.0
69880,-153.0,-33.0,-142.0,-15.0,39.0,19.0
69920,-157.0,-14.0,-136.0,-13.0,36.0,12.0
69960,-167.0,-31.0,-128.0,-11.0,32.0,8.0
70000,-172.0,-32.0,-107.0,-9.0,29.0,4.0
70040,-170.0,-42.0,-80.0,-10.0,28.0,3.0
70080,-166.0,-112.0,-46.0,-10.0,28.0,5.0
70120,-188.0,-161.0,-4.0,-5.0,31.0,7.0
70160,-232.0,-155.0,42.0,-4.0,34.0,6.0
70200,-280.0,-178.0,60.0,-2.0,33.0,6.0
70240,-314.0,-193.0,60.0,0.0,32.0,4.0
70280,-324.0,-196.0,43.0,2.0,30.0,1.0
70320,-325.0,-178.0,43.0,7.0,27.0,-7.0
70360,-317.0,-168.0,58.0,10.0,23.0,-15.0
70400,-307.0,-147.0,75.0,12.0,17.0,-27.0
70440,-304.0,-128.0,96.0,13.0,12.0,-42.0
70480,-312.0,-107.0,134.0,16.0,4.0,-58.0
70520,-321.0,-75.0,171.0,16.0,1.0,-74.0
70560,-330.0,-40.0,177.0,18.0,-3.0,-85.0
70600,-329.0,-23.0,168.0,18.0,-7.0,-96.0
70640,-320.0,-45.0,175.0,19.0,-8.0,-101.0
70680,-317.0,-26.0,206.0,20.0,-10.0,-103.0
70720,-314.0,-39.0,195.0,25.0,-11.0,-102.0
70760,-303.0,-70.0,174.0,26.0,-13.0,-97.0
70800,-290.0,-83.0,164.0,30.0,-13.0,-93.0
70840,-280.0,-98.0,200.0,33.0,-14.0,-87.0
70880,-266.0,-107.0,240.0,31.0,-15.0,-81.0
70920,-253.0,-70.0,241.0,32.0,-19.0,-77.0
70960,-238.0,-38.0,236.0,32.0,-23.0,-76.0
71000,-218.0,-15.0,243.0,31.0,-25.0,-75.0
71040,-198.0,6.0,280.0,30.0,-29.0,-75.0
71080,-178.0,8.0,278.0,30.0,-34.0,-77.0
71120,-161.0,-12.0,255.0,31.0,-40.0,-80.0
71160,-155.0,18.0,228.0,34.0,-45.0,-82.0
71200,-155.0,21.0,229.0,35.0,-48.0,-81.0
71240,-149.0,33.0,255.0,35.0,-50.0,-79.0
71280,-127.0,45.0,240.0,38.0,-53.0,-77.0
71320,-96.0,64.0,197.0,40.0,-53.0,-71.0
71360,-73.0,100.0,157.0,40.0,-54.0,-62.0
71400,-62.0,99.0,138.0,40.0,-56.0,-49.0
71440,-59.0,95.0,142.0,40.0,-58.0,-34.0
71480,-61.0,114.0,150.0,42.0,-61.0,-22.0
71520,-51.0,145.0,137.0,39.0,-63.0,-4.0
71560,-12.0,169.0,129.0,36.0,-62.0,11.0
71600,41.0,174.0,134.0,35.0,-63.0,26.0
71640,95.0,174.0,163.0,34.0,-59.0,36.0
71680,130.0,182.0,171.0,33.0,-56.0,44.0
71720,135.0,201.0,169.0,32.0,-57.0,51.0
71760,118.0,177.0,144.0,32.0,-57.0,58.0
71800,100.0,160.0,144.0,31.0,-59.0,59.0
71840,86.0,163.0,141.0,30.0,-62.0,61.0
71880,83.0,163.0,122.0,30.0,-64.0,66.0
71920,83.0,163.0,82.0,28.0,-66.0,70.0
71960,78.0,178.0,79.0,27.0,-67.0,69.0
72000,65.0,192.0,88.0,26.0,-65.0,76.0
72040,47.0,204.0,72.0,24.0,-65.0,81.0
72080,44.0,206.0,34.0,23.0,-63.0,86.0
72120,47.0,192.0,9.0,24.0,-59.0,93.0
72160,36.0,194.0,35.0,23.0,-60.0,100.0
72200,18.0,161.0,53.0,23.0,-57.0,110.0
72240,9.0,129.0,57.0,22.0,-58.0,120.0
72280,4.0,113.0,28.0,22.0,-58.0,127.0
72320,-1.0,76.0,19.0,22.0,-54.0,127.0
72360,-10.0,42.0,16.0,19.0,-51.0,131.0
72400,-23.0,-16.0,12.0,17.0,-48.0,129.0
72440,-65.0,-40.0,6.0,15.0,-46.0,129.0
72480,-118.0,-45.0,-3.0,13.0,-45.0,122.0
72520,-171.0,-30.0,0.0,11.0,-46.0,113.0
72560,-201.0,-57.0,-23.0,8.0,-44.0,101.0
72600,-197.0,-96.0,-27.0,5.0,-45.0,90.0
72640,-195.0,-41.0,5.0,6.0,-44.0,75.0
72680,-198.0,-64.0,13.0,7.0,-45.0,57.0
72720,-209.0,-96.0,22.0,7.0,-44.0,44.0
72760,-208.0,-96.0,-2.0,5.0,-43.0,28.0
72800,-210.0,-67.0,-13.0,4.0,-44.0,19.0
72840,-227.0,-75.0,-1.0,2.0,-43.0,9.0
72880,-246.0,-91.0,3.0,2.0,-43.0,1.0
72920,-251.0,-100.0,21.0,-1.0,-40.0,-9.0
72960,-257.0,-86.0,50.0,-3.0,-36.0,-14.0
73000,-273.0,-98.0,61.0,-3.0,-33.0,-19.0
73040,-278.0,-121.0,57.0,-5.0,-32.0,-30.0
73080,-281.0,-133.0,62.0,-9.0,-29.0,-39.0
73120,-292.0,-100.0,61.0,-9.0,-26.0,-52.0
73160,-303.0,-149.0,63.0,-10.0,-26.0,-62.0
73200,-318.0,-133.0,62.0,-12.0,-26.0,-70.0
73240,-329.0,-97.0,54.0,-14.0,-27.0,-81.0
73280,-327.0,-77.0,73.0,-16.0,-28.0,-89.0
73320,-305.0,-82.0,78.0,-15.0,-29.0,-94.0
73360,-261.0,-59.0,95.0,-16.0,-28.0,-97.0
73400,-227.0,-56.0,115.0,-19.0,-28.0,-103.0
73440,-209.0,-65.0,149.0,-22.0,-27.0,-108.0
73480,-200.0,-87.0,145.0,-22.0,-25.0,-108.0
73520,-202.0,-86.0,140.0,-25.0,-23.0,-110.0
73560,-211.0,-98.0,145.0,-28.0,-22.0,-107.0
73600,-222.0,-89.0,156.0,-30.0,-20.0,-102.0
73640,-219.0,-97.0,154.0,-31.0,-19.0,-95.0
73680,-196.0,-110.0,161.0,-31.0,-14.0,-88.0
73720,-166.0,-116.0,167.0,-31.0,-10.0,-74.0
73760,-134.0,-97.0,186.0,-31.0,-7.0,-64.0
73800,-110.0,-106.0,171.0,-31.0,-5.0,-54.0
73840,-91.0,-107.0,165.0,-33.0,-3.0,-48.0
73880,-68.0,-125.0,160.0,-32.0,-1.0,-40.0
73920,-56.0,-92.0,186.0,-33.0,-1.0,-34.0
73960,-51.0,-78.0,187.0,-36.0,-1.0,-26.0
74000,-34.0,-71.0,192.0,-38.0,-2.0,-23.0
74040,-20.0,-6.0,202.0,-40.0,-1.0,-17.0
74080,-12.0,46.0,217.0,-40.0,1.0,-11.0
74120,3.0,64.0,238.0,-39.0,2.0,0.0
74160,26.0,80.0,231.0,-40.0,4.0,6.0
74200,33.0,146.0,237.0,-40.0,5.0,12.0
74240,27.0,143.0,235.0,-39.0,9.0,19.0
74280,31.0,69.0,224.0,-36.0,14.0,28.0
74320,40.0,93.0,218.0,-36.0,15.0,35.0
74360,37.0,100.0,198.0,-35.0,18.0,41.0
74400,34.0,60.0,180.0,-35.0,23.0,49.0
74440,56.0,30.0,159.0,-34.0,24.0,56.0
74480,87.0,64.0,125.0,-34.0,24.0,65.0
74520,100.0,87.0,118.0,-32.0,23.0,70.0
74560,98.0,81.0,107.0,-33.0,23.0,73.0
74600,110.0,72.0,94.0,-31.0,23.0,77.0
74640,124.0,75.0,82.0,-31.0,19.0,80.0
74680,118.0,109.0,88.0,-30.0,16.0,80.0
74720,105.0,95.0,65.0,-29.0,16.0,82.0
74760,110.0,52.0,55.0,-29.0,18.0,80.0
74800,114.0,85.0,42.0,-26.0,21.0,78.0
74840,116.0,71.0,21.0,-26.0,23.0,74.0
74880,113.0,41.0,7.0,-24.0,27.0,70.0
74920,109.0,19.0,-22.0,-22.0,29.0,64.0
74960,94.0,16.0,-45.0,-20.0,29.0,56.0
75000,63.0,-6.0,-60.0,-18.0,31.0,48.0
75040,31.0,-14.0,-73.0,-17.0,27.0,40.0
75080,9.0,-18.0,-95.0,-16.0,26.0,31.0
75120,-2.0,-10.0,-115.0,-16.0,22.0,22.0
75160,-9.0,16.0,-146.0,-16.0,20.0,15.0
75200,-2.0,23.0,-169.0,-15.0,21.0,9.0
75240,7.0,35.0,-177.0,-14.0,18.0,1.0
75280,13.0,36.0,-196.0,-12.0,18.0,-5.0
75320,8.0,48.0,-194.0,-11.0,18.0,-16.0
75360,-13.0,46.0,-185.0,-8.0,18.0,-24.0
75400,-34.0,21.0,-180.0,-6.0,17.0,-33.0
75440,-48.0,13.0,-206.0,-5.0,17.0,-43.0
75480,-52.0,29.0,-248.0,-4.0,14.0,-51.0
75520,-59.0,25.0,-266.0,-4.0,12.0,-59.0
75560,-58.0,-11.0,-273.0,-4.0,13.0,-67.0
75600,-48.0,-12.0,-266.0,-1.0,9.0,-73.0
75640,-37.0,-4.0,-266.0,0.0,6.0,-78.0
75680,-47.0,1.0,-261.0,2.0,5.0,-83.0
75720,-54.0,-48.0,-254.0,2.0,4.0,-91.0
75760,-50.0,-27.0,-238.0,1.0,3.0,-93.0
75800,-49.0,-10.0,-243.0,2.0,2.0,-94.0
75840,-48.0,-39.0,-241.0,3.0,0.0,-94.0
75880,-58.0,-39.0,-228.0,3.0,1.0,-96.0
75920,-63.0,-22.0,-213.0,1.0,-2.0,-93.0
75960,-62.0,1.0,-208.0,1.0,-3.0,-89.0
76000,-69.0,-3.0,-197.0,1.0,-5.0,-84.0
76040,-73.0,-3.0,-176.0,1.0,-8.0,-84.0
76080,-77.0,-10.0,-145.0,-1.0,-9.0,-77.0
76120,-85.0,15.0,-117.0,-2.0,-9.0,-75.0
76160,-80.0,0.0,-109.0,-4.0,-11.0,-68.0
76200,-56.0,-37.0,-111.0,-2.0,-10.0,-61.0
76240,-34.0,-37.0,-101.0,-4.0,-9.0,-54.0
76280,-17.0,-42.0,-84.0,-5.0,-9.0,-46.0
76320,-9.0,-54.0,-68.0,-5.0,-8.0,-37.0
76360,-4.0,-41.0,-53.0,-3.0,-7.0,-25.0
76400,-2.0,-22.0,-31.0,-4.0,-9.0,-16.0
76440,3.0,4.0,-4.0,-3.0,-10.0,-7.0
76480,20.0,25.0,0.0,-7.0,-11.0,1.0
76520,39.0,30.0,5.0,-8.0,-13.0,11.0
76560,54.0,11.0,11.0,-10.0,-13.0,19.0
76600,55.0,24.0,43.0,-15.0,-14.0,28.0
76640,49.0,29.0,55.0,-14.0,-16.0,37.0
76680,46.0,38.0,55.0,-16.0,-14.0,45.0
76720,66.0,8.0,41.0,-17.0,-12.0,56.0
76760,91.0,43.0,48.0,-16.0,-10.0,62.0
76800,112.0,30.0,54.0,-14.0,-9.0,73.0
76840,114.0,26.0,79.0,-14.0,-11.0,78.0
76880,100.0,33.0,96.0,-13.0,-9.0,85.0
76920,87.0,43.0,104.0,-15.0,-9.0,92.0
76960,77.0,43.0,85.0,-15.0,-8.0,94.0
77000,77.0,65.0,52.0,-18.0,-8.0,99.0
77040,80.0,78.0,37.0,-18.0,-9.0,98.0
77080,79.0,115.0,67.0,-18.0,-9.0,101.0
77120,64.0,129.0,75.0,-17.0,-10.0,104.0
77160,64.0,123.0,64.0,-16.0,-8.0,101.0
77200,74.0,140.0,40.0,-16.0,-8.0,99.0
77240,85.0,143.0,26.0,-18.0,-8.0,95.0
77280,95.0,81.0,20.0,-16.0,-9.0,92.0
77320,106.0,43.0,5.0,-16.0,-9.0,90.0
77360,110.0,43.0,-3.0,-15.0,-10.0,87.0
77400,101.0,36.0,-16.0,-17.0,-9.0,83.0
77440,93.0,25.0,-36.0,-19.0,-11.0,83.0
77480,98.0,25.0,-56.0,-19.0,-9.0,82.0
77520,102.0,25.0,-59.0,-20.0,-12.0,79.0
77560,99.0,40.0,-51.0,-24.0,-9.0,75.0
77600,90.0,32.0,-44.0,-25.0,-10.0,69.0
77640,83.0,29.0,-60.0,-24.0,-11.0,65.0
77680,75.0,35.0,-62.0,-25.0,-10.0,57.0
77720,63.0,57.0,-55.0,-25.0,-9.0,45.0
77760,53.0,58.0,-78.0,-24.0,-9.0,34.0
77800,60.0,49.0,-107.0,-23.0,-8.0,22.0
77840,62.0,69.0,-107.0,-22.0,-8.0,12.0
77880,59.0,73.0,-102.0,-23.0,-11.0,2.0
77920,47.0,47.0,-100.0,-25.0,-14.0,-9.0
77960,41.0,38.0,-116.0,-27.0,-15.0,-19.0
78000,35.0,43.0,-126.0,-29.0,-17.0,-30.0
78040,36.0,11.0,-129.0,-30.0,-19.0,-34.0
78080,40.0,-1.0,-130.0,-32.0,-17.0,-38.0
78120,43.0,7.0,-121.0,-32.0,-18.0,-40.0
78160,39.0,-11.0,-110.0,-33.0,-18.0,-39.0
78200,40.0,-34.0,-101.0,-35.0,-16.0,-37.0
78240,43.0,-18.0,-93.0,-34.0,-16.0,-33.0
78280,34.0,-34.0,-86.0,-33.0,-14.0,-30.0
78320,23.0,-63.0,-66.0,-34.0,-14.0,-29.0
78360,16.0,-70.0,-66.0,-35.0,-14.0,-28.0
78400,13.0,-83.0,-55.0,-38.0,-12.0,-27.0
78440,9.0,-112.0,-69.0,-39.0,-13.0,-30.0
78480,15.0,-111.0,-67.0,-40.0,-12.0,-36.0
78520,32.0,-130.0,-59.0,-41.0,-10.0,-42.0
78560,47.0,-140.0,-56.0,-41.0,-9.0,-46.0
78600,42.0,-106.0,-39.0,-38.0,-10.0,-49.0
78640,43.0,-100.0,-25.0,-40.0,-12.0,-54.0
78680,54.0,-88.0,-9.0,-39.0,-14.0,-57.0
78720,63.0,-67.0,-16.0,-39.0,-14.0,-56.0
78760,76.0,-71.0,-16.0,-39.0,-14.0,-54.0
78800,88.0,-62.0,-16.0,-39.0,-14.0,-48.0
78840,95.0,-61.0,-9.0,-39.0,-14.0,-43.0
78880,98.0,-96.0,19.0,-41.0,-12.0,-37.0
78920,99.0,-102.0,57.0,-42.0,-8.0,-29.0
78960,97.0,-64.0,73.0,-42.0,-6.0,-21.0
79000,98.0,-90.0,74.0,-44.0,-4.0,-16.0
79040,103.0,-130.0,70.0,-45.0,-4.0,-12.0
79080,99.0,-109.0,82.0,-47.0,-2.0,-9.0
79120,81.0,-83.0,93.0,-43.0,-2.0,-7.0
79160,59.0,-98.0,92.0,-42.0,-2.0,-6.0
79200,59.0,-95.0,84.0,-40.0,-3.0,-8.0
79240,81.0,-77.0,88.0,-38.0,-2.0,-10.0
79280,94.0,-40.0,96.0,-38.0,0.0,-12.0
79320,104.0,-52.0,88.0,-38.0,-1.0,-13.0
79360,119.0,-74.0,75.0,-38.0,0.0,-12.0
79400,124.0,-40.0,85.0,-37.0,0.0,-13.0
79440,102.0,22.0,89.0,-39.0,1.0,-8.0
79480,101.0,-33.0,69.0,-39.0,4.0,-6.0
79520,119.0,-23.0,72.0,-40.0,4.0,-2.0
79560,127.0,48.0,81.0,-39.0,5.0,3.0
79600,117.0,23.0,99.0,-38.0,5.0,5.0
79640,110.0,-9.0,101.0,-38.0,6.0,9.0
79680,106.0,33.0,93.0,-35.0,6.0,12.0
79720,102.0,14.0,84.0,-34.0,7.0,14.0
79760,107.0,-27.0,43.0,-33.0,6.0,15.0
79800,126.0,-12.0,-4.0,-34.0,6.0,16.0
79840,148.0,-9.0,-15.0,-31.0,8.0,16.0
79880,141.0,-6.0,6.0,-31.0,8.0,14.0
79920,127.0,4.0,9.0,-31.0,9.0,10.0
79960,129.0,21.0,-5.0,-30.0,9.0,5.0
80000,130.0,27.0,-13.0,-32.0,10.0,0.0
80040,125.0,14.0,-11.0,-33.0,7.0,-7.0
80080,126.0,-15.0,-15.0,-33.0,6.0,-10.0
80120,112.0,23.0,-16.0,-32.0,5.0,-14.0
80160,76.0,59.0,-7.0,-31.0,4.0,-14.0
80200,45.0,34.0,-5.0,-30.0,3.0,-14.0
80240,45.0,23.0,-9.0,-28.0,1.0,-11.0
80280,54.0,64.0,-24.0,-25.0,2.0,-8.0
80320,43.0,61.0,-30.0,-27.0,2.0,-7.0
80360,32.0,2.0,-37.0,-25.0,4.0,-4.0
80400,31.0,4.0,-42.0,-26.0,5.0,-4.0
80440,25.0,43.0,-58.0,-26.0,6.0,-4.0
80480,17.0,22.0,-79.0,-24.0,7.0,-6.0
80520,27.0,-16.0,-103.0,-25.0,6.0,-7.0
80560,41.0,-7.0,-116.0,-24.0,5.0,-10.0
80600,26.0,37.0,-89.0,-21.0,2.0,-10.0
80640,-12.0,23.0,-69.0,-20.0,-2.0,-8.0
80680,-33.0,-16.0,-72.0,-20.0,-5.0,-6.0
80720,-36.0,-1.0,-83.0,-20.0,-8.0,-9.0
80760,-45.0,34.0,-69.0,-18.0,-6.0,-6.0
80800,-46.0,-4.0,-46.0,-19.0,-5.0,-8.0
80840,-36.0,-9.0,-40.0,-18.0,-5.0,-6.0
80880,-10.0,-31.0,-63.0,-17.0,-3.0,-6.0
80920,2.0,-37.0,-66.0,-16.0,-3.0,-5.0
80960,-13.0,-6.0,-60.0,-17.0,-2.0,-4.0
81000,-47.0,10.0,-50.0,-15.0,-4.0,-3.0
81040,-79.0,-7.0,-40.0,-15.0,-5.0,-1.0
81080,-111.0,34.0,-13.0,-13.0,-6.0,2.0
81120,-120.0,29.0,9.0,-13.0,-9.0,2.0
81160,-112.0,-19.0,2.0,-13.0,-10.0,4.0
81200,-98.0,-48.0,-13.0,-11.0,-6.0,9.0
81240,-102.0,-65.0,-14.0,-12.0,-6.0,10.0
81280,-126.0,-75.0,4.0,-10.0,-4.0,16.0
81320,-157.0,-80.0,5.0,-9.0,-5.0,17.0
81360,-174.0,-83.0,6.0,-6.0,-5.0,16.0
81400,-183.0,-53.0,41.0,-5.0,-6.0,15.0
81440,-186.0,-20.0,77.0,-3.0,-7.0,17.0
81480,-187.0,22.0,103.0,-4.0,-10.0,14.0
81520,-176.0,21.0,79.0,-2.0,-13.0,11.0
81560,-165.0,46.0,86.0,-2.0,-13.0,8.0
81600,-149.0,54.0,83.0,0.0,-15.0,9.0
81640,-127.0,10.0,81.0,3.0,-18.0,7.0
81680,-108.0,-17.0,70.0,4.0,-18.0,9.0
81720,-105.0,-14.0,63.0,6.0,-19.0,9.0
81760,-117.0,-32.0,71.0,6.0,-17.0,10.0
81800,-134.0,-33.0,66.0,6.0,-17.0,14.0
81840,-155.0,7.0,66.0,8.0,-16.0,16.0
81880,-144.0,-29.0,69.0,9.0,-15.0,15.0
81920,-108.0,-39.0,77.0,9.0,-14.0,12.0
81960,-76.0,-3.0,64.0,10.0,-13.0,12.0
82000,-72.0,36.0,85.0,12.0,-15.0,9.0
82040,-82.0,29.0,98.0,13.0,-18.0,6.0
82080,-81.0,50.0,103.0,13.0,-22.0,1.0
82120,-85.0,112.0,90.0,15.0,-27.0,0.0
82160,-101.0,126.0,76.0,15.0,-31.0,-3.0
82200,-101.0,83.0,78.0,14.0,-32.0,-6.0
82240,-91.0,91.0,75.0,15.0,-32.0,-9.0
82280,-86.0,116.0,66.0,16.0,-31.0,-8.0
82320,-82.0,65.0,60.0,15.0,-30.0,-5.0
82360,-67.0,8.0,49.0,18.0,-27.0,-4.0
82400,-57.0,53.0,69.0,18.0,-26.0,0.0
82440,-60.0,40.0,82.0,19.0,-26.0,1.0
82480,-67.0,25.0,87.0,16.0,-25.0,6.0
82520,-63.0,40.0,73.0,15.0,-27.0,9.0
82560,-57.0,84.0,63.0,14.0,-30.0,11.0
82600,-56.0,98.0,56.0,14.0,-31.0,12.0
82640,-44.0,58.0,37.0,15.0,-32.0,14.0
82680,-18.0,38.0,17.0,13.0,-33.0,12.0
82720,-1.0,40.0,-4.0,14.0,-31.0,14.0
82760,-12.0,21.0,-2.0,16.0,-33.0,10.0
82800,-31.0,-15.0,-7.0,16.0,-31.0,8.0
82840,-52.0,-1.0,-10.0,18.0,-31.0,6.0
82880,-65.0,15.0,-27.0,17.0,-29.0,3.0
82920,-77.0,18.0,-30.0,15.0,-32.0,-4.0
82960,-82.0,39.0,-28.0,15.0,-32.0,-8.0
83000,-74.0,48.0,-11.0,13.0,-30.0,-12.0
83040,-65.0,63.0,19.0,11.0,-29.0,-14.0
83080,-73.0,119.0,36.0,11.0,-32.0,-11.0
83120,-80.0,108.0,52.0,7.0,-30.0,-9.0
83160,-82.0,98.0,42.0,7.0,-32.0,-4.0
83200,-90.0,144.0,50.0,6.0,-31.0,3.0
83240,-99.0,103.0,50.0,5.0,-31.0,11.0
83280,-103.0,32.0,56.0,4.0,-30.0,17.0
83320,-111.0,47.0,48.0,4.0,-29.0,19.0
83360,-121.0,13.0,31.0,4.0,-26.0,23.0
83400,-127.0,-28.0,31.0,4.0,-21.0,19.0
83440,-141.0,-23.0,24.0,1.0,-20.0,16.0
83480,-155.0,-29.0,27.0,0.0,-19.0,10.0
83520,-173.0,-44.0,32.0,-4.0,-20.0,2.0
83560,-190.0,-22.0,22.0,-3.0,-23.0,-5.0
83600,-200.0,-25.0,23.0,-9.0,-24.0,-12.0
83640,-203.0,-13.0,27.0,-8.0,-27.0,-18.0
83680,-204.0,31.0,43.0,-8.0,-29.0,-20.0
83720,-189.0,14.0,66.0,-7.0,-29.0,-25.0
83760,-173.0,11.0,87.0,-6.0,-28.0,-24.0
83800,-163.0,-1.0,109.0,-6.0,-25.0,-24.0
83840,-157.0,-34.0,107.0,-7.0,-24.0,-23.0
83880,-164.0,-32.0,90.0,-8.0,-21.0,-17.0
83920,-180.0,-46.0,77.0,-10.0,-21.0,-13.0
83960,-213.0,-28.0,84.0,-12.0,-19.0,-10.0
84000,-240.0,-19.0,93.0,-12.0,-18.0,-3.0
84040,-250.0,-11.0,105.0,-14.0,-18.0,-5.0
84080,-245.0,0.0,102.0,-15.0,-20.0,-2.0
84120,-225.0,-29.0,117.0,-16.0,-20.0,-4.0
84160,-202.0,-49.0,140.0,-16.0,-20.0,-8.0
84200,-186.0,-64.0,143.0,-18.0,-22.0,-9.0
84240,-188.0,-66.0,159.0,-16.0,-22.0,-18.0
84280,-187.0,-107.0,167.0,-19.0,-22.0,-20.0
84320,-178.0,-75.0,162.0,-18.0,-21.0,-24.0
84360,-162.0,-42.0,162.0,-19.0,-22.0,-27.0
84400,-144.0,-48.0,157.0,-18.0,-22.0,-29.0
84440,-138.0,-13.0,166.0,-22.0,-24.0,-31.0
84480,-135.0,-10.0,162.0,-22.0,-23.0,-32.0
84520,-140.0,-14.0,164.0,-22.0,-25.0,-32.0
84560,-136.0,-11.0,167.0,-20.0,-26.0,-33.0
84600,-126.0,-19.0,167.0,-22.0,-25.0,-30.0
84640,-101.0,-22.0,159.0,-22.0,-24.0,-27.0
84680,-81.0,-12.0,139.0,-22.0,-22.0,-25.0
84720,-65.0,-14.0,137.0,-21.0,-22.0,-21.0
84760,-59.0,-26.0,153.0,-21.0,-19.0,-19.0
84800,-72.0,-1.0,169.0,-20.0,-21.0,-15.0
84840,-76.0,-36.0,169.0,-20.0,-19.0,-15.0
84880,-66.0,-51.0,182.0,-21.0,-19.0,-15.0
84920,-42.0,-36.0,178.0,-24.0,-23.0,-16.0
84960,-24.0,-53.0,201.0,-23.0,-23.0,-17.0
85000,-23.0,-37.0,214.0,-24.0,-25.0,-20.0
85040,-34.0,-1.0,222.0,-24.0,-25.0,-16.0
85080,-46.0,7.0,239.0,-25.0,-27.0,-16.0
85120,-41.0,36.0,237.0,-23.0,-27.0,-10.0
85160,-22.0,57.0,230.0,-24.0,-28.0,-5.0
85200,7.0,43.0,231.0,-21.0,-25.0,1.0
85240,21.0,35.0,232.0,-19.0,-24.0,9.0
85280,27.0,32.0,230.0,-17.0,-22.0,14.0
85320,24.0,8.0,237.0,-17.0,-19.0,18.0
85360,23.0,-13.0,232.0,-14.0,-15.0,21.0
85400,35.0,-17.0,229.0,-13.0,-14.0,24.0
85440,52.0,26.0,232.0,-12.0,-11.0,26.0
85480,56.0,35.0,212.0,-12.0,-12.0,26.0
85520,73.0,-15.0,217.0,-11.0,-13.0,26.0
85560,78.0,60.0,244.0,-13.0,-14.0,27.0
85600,78.0,66.0,245.0,-9.0,-15.0,27.0
85640,82.0,36.0,270.0,-9.0,-16.0,27.0
85680,91.0,43.0,258.0,-8.0,-16.0,27.0
85720,104.0,52.0,275.0,-7.0,-16.0,26.0
85760,106.0,12.0,279.0,-5.0,-14.0,23.0
85800,95.0,28.0,272.0,-1.0,-11.0,23.0
85840,80.0,26.0,265.0,2.0,-10.0,24.0
85880,71.0,-13.0,257.0,2.0,-7.0,23.0
85920,55.0,26.0,246.0,4.0,-6.0,26.0
85960,48.0,13.0,241.0,8.0,-5.0,24.0
86000,54.0,-29.0,224.0,12.0,-3.0,24.0
86040,62.0,-18.0,240.0,13.0,-5.0,22.0
86080,66.0,-15.0,249.0,16.0,-5.0,21.0
86120,58.0,-13.0,260.0,17.0,-6.0,19.0
86160,50.0,-7.0,250.0,18.0,-5.0,15.0
86200,51.0,-6.0,236.0,22.0,-4.0,13.0
86240,58.0,21.0,225.0,22.0,-5.0,11.0
86280,51.0,58.0,227.0,26.0,-3.0,10.0
86320,52.0,13.0,221.0,26.0,-4.0,8.0
86360,58.0,5.0,228.0,29.0,-1.0,6.0
86400,55.0,38.0,214.0,31.0,-2.0,4.0
86440,40.0,24.0,198.0,34.0,0.0,2.0
86480,24.0,-13.0,161.0,38.0,1.0,-3.0
86520,15.0,4.0,148.0,40.0,-1.0,-4.0
86560,8.0,-5.0,155.0,42.0,0.0,-9.0
86600,-1.0,-24.0,141.0,43.0,1.0,-10.0
86640,-11.0,-4.0,111.0,43.0,-2.0,-13.0
86680,-1.0,-35.0,67.0,45.0,-1.0,-14.0
86720,9.0,-36.0,51.0,45.0,-2.0,-15.0
86760,13.0,-48.0,52.0,47.0,0.0,-16.0
86800,12.0,-60.0,57.0,50.0,2.0,-17.0
86840,2.0,-66.0,63.0,51.0,1.0,-18.0
86880,-14.0,-50.0,72.0,51.0,2.0,-18.0
86920,-20.0,-57.0,72.0,51.0,3.0,-16.0
86960,-27.0,-57.0,67.0,51.0,4.0,-16.0
87000,-41.0,-35.0,71.0,52.0,2.0,-15.0
87040,-53.0,-49.0,61.0,51.0,3.0,-16.0
87080,-70.0,-43.0,60.0,51.0,3.0,-16.0
87120,-77.0,-78.0,46.0,48.0,1.0,-16.0
87160,-80.0,-80.0,37.0,49.0,-1.0,-19.0
87200,-75.0,-107.0,18.0,50.0,-1.0,-15.0
87240,-63.0,-111.0,13.0,49.0,0.0,-15.0
87280,-63.0,-107.0,11.0,49.0,1.0,-12.0
87320,-59.0,-100.0,9.0,48.0,1.0,-11.0
87360,-55.0,-83.0,18.0,48.0,-1.0,-8.0
87400,-37.0,-77.0,-1.0,47.0,-1.0,-7.0
87440,-14.0,-75.0,-11.0,44.0,-1.0,-5.0
87480,16.0,-107.0,-17.0,42.0,-2.0,-4.0
87520,26.0,-75.0,-19.0,39.0,-1.0,-5.0
87560,21.0,-59.0,-10.0,38.0,-3.0,-2.0
87600,7.0,-60.0,2.0,37.0,-2.0,-3.0
87640,0.0,-57.0,11.0,34.0,-2.0,-2.0
87680,5.0,-35.0,6.0,31.0,-3.0,-3.0
87720,15.0,-32.0,5.0,32.0,-1.0,-4.0
87760,26.0,-60.0,1.0,29.0,-3.0,-6.0
87800,30.0,-56.0,11.0,27.0,-2.0,-8.0
87840,32.0,-53.0,-11.0,26.0,-2.0,-8.0
87880,41.0,-61.0,-23.0,25.0,-2.0,-8.0
87920,56.0,-12.0,-19.0,22.0,-5.0,-9.0
87960,81.0,4.0,-15.0,20.0,-7.0,-10.0
88000,113.0,-6.0,-15.0,17.0,-5.0,-8.0
88040,126.0,52.0,-10.0,14.0,-8.0,-5.0
88080,117.0,90.0,13.0,10.0,-9.0,-2.0
88120,105.0,41.0,33.0,7.0,-10.0,1.0
88160,110.0,14.0,13.0,5.0,-9.0,5.0
88200,119.0,39.0,-8.0,3.0,-8.0,7.0
88240,122.0,19.0,-15.0,-1.0,-5.0,9.0
88280,118.0,-5.0,-6.0,0.0,-4.0,13.0
88320,112.0,30.0,4.0,-2.0,-2.0,12.0
88360,115.0,64.0,-14.0,-4.0,1.0,12.0
88400,118.0,86.0,-28.0,-6.0,-2.0,12.0
88440,138.0,60.0,-34.0,-10.0,-4.0,8.0
88480,171.0,67.0,-43.0,-14.0,-6.0,8.0
88520,187.0,93.0,-38.0,-16.0,-8.0,6.0
88560,186.0,87.0,-34.0,-18.0,-10.0,6.0
88600,191.0,64.0,-32.0,-21.0,-12.0,10.0
88640,205.0,86.0,-35.0,-22.0,-12.0,13.0
88680,207.0,111.0,-36.0,-25.0,-11.0,16.0
88720,200.0,73.0,-38.0,-27.0,-8.0,20.0
88760,190.0,73.0,-43.0,-31.0,-5.0,26.0
88800,173.0,60.0,-51.0,-32.0,-3.0,28.0
88840,139.0,68.0,-36.0,-34.0,1.0,30.0
88880,107.0,50.0,-43.0,-36.0,2.0,30.0
88920,111.0,6.0,-48.0,-37.0,2.0,29.0
88960,123.0,48.0,-66.0,-39.0,3.0,26.0
89000,131.0,77.0,-68.0,-41.0,1.0,22.0
89040,128.0,81.0,-53.0,-43.0,2.0,17.0
89080,133.0,83.0,-71.0,-45.0,-1.0,15.0
89120,127.0,135.0,-72.0,-47.0,-2.0,11.0
89160,126.0,119.0,-83.0,-48.0,-4.0,9.0
89200,134.0,81.0,-77.0,-51.0,-6.0,9.0
89240,142.0,58.0,-82.0,-53.0,-6.0,6.0
89280,139.0,34.0,-92.0,-53.0,-5.0,9.0
89320,120.0,20.0,-106.0,-56.0,-4.0,9.0
89360,106.0,5.0,-104.0,-56.0,-1.0,11.0
89400,99.0,-10.0,-123.0,-55.0,3.0,10.0
89440,87.0,0.0,-123.0,-55.0,4.0,14.0
89480,70.0,12.0,-115.0,-57.0,4.0,10.0
89520,57.0,8.0,-106.0,-60.0,5.0,12.0
89560,44.0,-25.0,-107.0,-59.0,5.0,8.0
89600,36.0,-12.0,-104.0,-61.0,5.0,4.0
89640,25.0,-2.0,-108.0,-63.0,3.0,1.0
89680,20.0,-11.0,-117.0,-62.0,3.0,-5.0
89720,23.0,-13.0,-123.0,-62.0,3.0,-10.0
89760,34.0,11.0,-145.0,-62.0,4.0,-16.0
89800,45.0,17.0,-126.0,-63.0,5.0,-18.0
89840,45.0,24.0,-111.0,-62.0,6.0,-22.0
89880,34.0,2.0,-102.0,-61.0,4.0,-23.0
89920,27.0,-5.0,-100.0,-59.0,5.0,-24.0
89960,18.0,3.0,-107.0,-62.0,4.0,-21.0
90000,141.0,22.0,-144.0,12.0,17.0,1.0
90040,162.0,51.0,-151.0,11.0,16.0,1.0
90080,184.0,74.0,-155.0,13.0,16.0,1.0
90120,190.0,61.0,-151.0,14.0,17.0,3.0
90160,194.0,36.0,-134.0,15.0,18.0,6.0
90200,191.0,45.0,-128.0,16.0,19.0,11.0
90240,184.0,65.0,-128.0,15.0,21.0,12.0
90280,178.0,36.0,-117.0,15.0,20.0,18.0
90320,187.0,7.0,-115.0,13.0,21.0,23.0
90360,199.0,16.0,-117.0,13.0,23.0,27.0
90400,187.0,24.0,-111.0,12.0,23.0,30.0
90440,175.0,-34.0,-109.0,11.0,21.0,31.0
90480,172.0,-61.0,-120.0,11.0,21.0,32.0
90520,166.0,-43.0,-111.0,9.0,21.0,27.0
90560,154.0,-60.0,-101.0,9.0,20.0,23.0
90600,156.0,-111.0,-93.0,11.0,20.0,15.0
90640,160.0,-71.0,-75.0,11.0,18.0,8.0
90680,151.0,-29.0,-63.0,10.0,18.0,0.0
90720,145.0,-26.0,-56.0,10.0,16.0,-4.0
90760,154.0,-2.0,-53.0,7.0,14.0,-9.0
90800,168.0,26.0,-52.0,7.0,13.0,-10.0
90840,172.0,25.0,-42.0,6.0,12.0,-8.0
90880,176.0,18.0,-46.0,6.0,12.0,-5.0
90920,185.0,11.0,-66.0,5.0,12.0,1.0
90960,193.0,-16.0,-63.0,6.0,13.0,5.0
91000,184.0,-28.0,-54.0,4.0,14.0,10.0
91040,166.0,-41.0,-49.0,5.0,17.0,15.0
91080,158.0,-63.0,-51.0,5.0,20.0,17.0
91120,160.0,-78.0,-51.0,5.0,20.0,17.0
91160,160.0,-70.0,-43.0,3.0,19.0,16.0
91200,158.0,-59.0,-41.0,2.0,17.0,11.0
91240,159.0,-37.0,-52.0,-1.0,15.0,7.0
91280,163.0,-34.0,-44.0,-2.0,13.0,-4.0
91320,162.0,-1.0,-46.0,-2.0,9.0,-11.0
91360,169.0,-11.0,-21.0,-5.0,9.0,-19.0
91400,181.0,11.0,-2.0,-4.0,6.0,-26.0
91440,190.0,5.0,-14.0,-5.0,5.0,-27.0
91480,190.0,0.0,-2.0,-6.0,5.0,-27.0
91520,186.0,-10.0,-17.0,-6.0,7.0,-26.0
91560,174.0,-29.0,-13.0,-7.0,8.0,-21.0
91600,157.0,-69.0,-9.0,-6.0,10.0,-15.0
91640,135.0,-82.0,-3.0,-6.0,11.0,-8.0
91680,122.0,-91.0,-6.0,-7.0,13.0,-5.0
91720,112.0,-82.0,-2.0,-9.0,14.0,-2.0
91760,96.0,-54.0,5.0,-9.0,15.0,1.0
91800,90.0,-37.0,20.0,-11.0,15.0,0.0
91840,97.0,-29.0,26.0,-11.0,14.0,-1.0
91880,106.0,16.0,27.0,-12.0,11.0,-4.0
91920,121.0,42.0,29.0,-13.0,9.0,-7.0
91960,140.0,49.0,40.0,-13.0,8.0,-11.0
92000,160.0,41.0,33.0,-13.0,5.0,-12.0
92040,171.0,48.0,20.0,-12.0,5.0,-14.0
92080,176.0,42.0,30.0,-10.0,4.0,-14.0
92120,178.0,3.0,37.0,-12.0,5.0,-13.0
92160,166.0,-26.0,41.0,-12.0,6.0,-13.0
92200,147.0,-27.0,26.0,-12.0,7.0,-7.0
92240,120.0,-13.0,20.0,-14.0,5.0,-2.0
92280,96.0,-10.0,3.0,-14.0,6.0,6.0
92320,95.0,-30.0,-4.0,-15.0,8.0,10.0
92360,119.0,-14.0,-3.0,-14.0,8.0,18.0
92400,131.0,11.0,3.0,-13.0,10.0,22.0
92440,125.0,28.0,14.0,-12.0,8.0,24.0
92480,135.0,-28.0,14.0,-11.0,9.0,25.0
92520,144.0,-6.0,35.0,-11.0,9.0,24.0
92560,124.0,33.0,47.0,-10.0,10.0,21.0
92600,102.0,8.0,64.0,-10.0,8.0,18.0
92640,96.0,-19.0,57.0,-10.0,6.0,15.0
92680,93.0,45.0,54.0,-10.0,6.0,9.0
92720,66.0,94.0,53.0,-12.0,4.0,5.0
92760,65.0,23.0,25.0,-10.0,2.0,7.0
92800,91.0,25.0,4.0,-11.0,1.0,6.0
92840,100.0,52.0,-10.0,-9.0,-1.0,7.0
92880,81.0,14.0,20.0,-8.0,1.0,11.0
92920,71.0,-52.0,31.0,-5.0,0.0,16.0
92960,66.0,-11.0,28.0,-5.0,0.0,23.0
93000,56.0,-3.0,24.0,-3.0,2.0,28.0
93040,56.0,-34.0,18.0,-3.0,4.0,32.0
93080,70.0,-50.0,12.0,-4.0,6.0,36.0
93120,89.0,-35.0,-7.0,-4.0,7.0,35.0
93160,90.0,-35.0,-11.0,-4.0,8.0,31.0
93200,78.0,-32.0,-12.0,-5.0,6.0,25.0
93240,78.0,-22.0,-31.0,-4.0,5.0,19.0
93280,82.0,-11.0,-43.0,-4.0,1.0,10.0
93320,69.0,29.0,-21.0,-3.0,-1.0,5.0
93360,43.0,55.0,-3.0,0.0,-4.0,-1.0
93400,24.0,70.0,11.0,1.0,-4.0,-3.0
93440,5.0,124.0,23.0,2.0,-6.0,-4.0
93480,-1.0,115.0,22.0,3.0,-4.0,1.0
93520,10.0,45.0,29.0,4.0,-3.0,1.0
93560,30.0,5.0,28.0,5.0,0.0,4.0
93600,33.0,12.0,37.0,3.0,3.0,7.0
93640,20.0,-64.0,53.0,2.0,5.0,10.0
93680,4.0,-89.0,59.0,2.0,6.0,14.0
93720,-10.0,-71.0,58.0,2.0,5.0,16.0
93760,-20.0,-57.0,63.0,1.0,2.0,16.0
93800,-30.0,-75.0,84.0,4.0,-1.0,16.0
93840,-32.0,-58.0,101.0,5.0,-2.0,13.0
93880,-23.0,-52.0,101.0,7.0,-4.0,9.0
93920,-24.0,-36.0,95.0,8.0,-4.0,5.0
93960,-27.0,-54.0,93.0,7.0,-2.0,-3.0
94000,-30.0,-71.0,113.0,8.0,-1.0,-12.0
94040,-34.0,-47.0,139.0,9.0,1.0,-19.0
94080,-57.0,-1.0,143.0,9.0,3.0,-22.0
94120,-83.0,13.0,135.0,7.0,2.0,-26.0
94160,-93.0,7.0,128.0,8.0,1.0,-29.0
94200,-93.0,19.0,143.0,9.0,0.0,-30.0
94240,-106.0,22.0,185.0,10.0,-3.0,-26.0
94280,-144.0,-8.0,236.0,13.0,-4.0,-21.0
94320,-151.0,-79.0,429.0,14.0,-5.0,-17.0
94360,-137.0,60.0,761.0,15.0,-6.0,-12.0
94400,-65.0,-83.0,779.0,14.0,-4.0,-10.0
94440,57.0,-140.0,466.0,14.0,-5.0,-4.0
94480,149.0,-101.0,-123.0,13.0,-5.0,-4.0
94520,116.0,4.0,-220.0,15.0,-8.0,1.0
94560,-42.0,151.0,198.0,29.0,-11.0,-1.0
94600,-62.0,-99.0,556.0,48.0,-14.0,6.0
94640,23.0,-66.0,633.0,57.0,-16.0,0.0
94680,121.0,132.0,396.0,49.0,-16.0,7.0
94720,166.0,-81.0,370.0,36.0,-16.0,-16.0
94760,139.0,-76.0,657.0,29.0,-8.0,-25.0
94800,120.0,-182.0,785.0,33.0,-4.0,-37.0
94840,78.0,-16.0,799.0,34.0,1.0,-28.0
94880,16.0,86.0,597.0,31.0,-5.0,-36.0
94920,-4.0,108.0,592.0,29.0,-14.0,-33.0
94960,59.0,159.0,907.0,38.0,-21.0,-35.0
95000,76.0,113.0,1202.0,53.0,-21.0,-21.0
95040,19.0,181.0,1354.0,60.0,-20.0,1.0
95080,-18.0,36.0,1220.0,61.0,-24.0,12.0
95120,-45.0,213.0,1073.0,63.0,-21.0,19.0
95160,12.0,157.0,953.0,67.0,-14.0,22.0
95200,101.0,-11.0,860.0,72.0,-1.0,36.0
95240,160.0,-21.0,612.0,74.0,3.0,43.0
95280,132.0,-23.0,347.0,78.0,3.0,43.0
95320,19.0,51.0,101.0,82.0,-7.0,34.0
95360,-67.0,37.0,20.0,90.0,-11.0,37.0
95400,-28.0,81.0,-30.0,103.0,-17.0,39.0
95440,60.0,110.0,-130.0,109.0,-19.0,46.0
95480,159.0,140.0,-183.0,113.0,-17.0,31.0
95520,270.0,14.0,-344.0,109.0,-8.0,27.0
95560,346.0,-60.0,-361.0,113.0,-3.0,35.0
95600,329.0,7.0,-480.0,113.0,-2.0,50.0
95640,245.0,-96.0,-635.0,114.0,-3.0,58.0
95680,124.0,46.0,-739.0,103.0,-2.0,41.0
95720,39.0,-60.0,-812.0,99.0,8.0,38.0
95760,14.0,-17.0,-658.0,101.0,18.0,35.0
95800,-8.0,-1.0,-518.0,108.0,21.0,47.0
95840,-3.0,-14.0,-421.0,107.0,14.0,36.0
95880,-54.0,-6.0,-426.0,98.0,11.0,32.0
95920,-117.0,-25.0,-524.0,89.0,15.0,16.0
95960,-184.0,28.0,-581.0,93.0,21.0,14.0
96000,-207.0,-51.0,-577.0,99.0,19.0,8.0
96040,-231.0,-55.0,-509.0,97.0,12.0,3.0
96080,-271.0,-9.0,-411.0,89.0,8.0,0.0
96120,-288.0,58.0,-409.0,78.0,7.0,-6.0
96160,-315.0,174.0,-319.0,70.0,12.0,-9.0
96200,-290.0,192.0,-277.0,59.0,19.0,-17.0
96240,-246.0,83.0,-174.0,49.0,24.0,-20.0
96280,-213.0,108.0,-153.0,44.0,29.0,-15.0
96320,-223.0,24.0,-199.0,40.0,27.0,-12.0
96360,-265.0,-3.0,-221.0,39.0,21.0,-7.0
96400,-305.0,-63.0,-242.0,37.0,15.0,-16.0
96440,-347.0,-36.0,-264.0,38.0,18.0,-17.0
96480,-377.0,-36.0,-279.0,38.0,20.0,-12.0
96520,-407.0,-79.0,-217.0,41.0,17.0,-14.0
96560,-390.0,-76.0,-185.0,34.0,10.0,-17.0
96600,-352.0,-116.0,-126.0,27.0,8.0,-36.0
96640,-357.0,112.0,-131.0,18.0,15.0,-44.0
96680,-375.0,73.0,-116.0,11.0,25.0,-52.0
96720,-378.0,16.0,-28.0,8.0,26.0,-54.0
96760,-362.0,42.0,66.0,6.0,18.0,-59.0
96800,-358.0,105.0,210.0,4.0,9.0,-70.0
96840,-371.0,-1.0,334.0,3.0,4.0,-64.0
96880,-358.0,-131.0,439.0,0.0,-1.0,-52.0
96920,-335.0,-58.0,545.0,0.0,-5.0,-33.0
96960,-355.0,50.0,682.0,-2.0,-6.0,-31.0
97000,-400.0,21.0,785.0,-10.0,-9.0,-20.0
97040,-375.0,-151.0,839.0,-14.0,-5.0,-9.0
97080,-337.0,-107.0,895.0,-14.0,-2.0,10.0
97120,-352.0,-42.0,909.0,-11.0,-1.0,13.0
97160,-374.0,-159.0,952.0,-14.0,0.0,7.0
97200,-357.0,-193.0,953.0,-18.0,1.0,1.0
97240,-313.0,-182.0,965.0,-19.0,2.0,7.0
97280,-279.0,-137.0,957.0,-12.0,-7.0,5.0
97320,-254.0,-150.0,878.0,-8.0,-15.0,-4.0
97360,-184.0,-77.0,821.0,-7.0,-18.0,-29.0
97400,-125.0,-18.0,768.0,-11.0,-20.0,-37.0
97440,-115.0,53.0,693.0,-12.0,-26.0,-37.0
97480,-118.0,53.0,535.0,-4.0,-35.0,-31.0
97520,-98.0,-4.0,365.0,2.0,-48.0,-30.0
97560,-88.0,23.0,246.0,5.0,-50.0,-33.0
97600,-62.0,-64.0,171.0,6.0,-45.0,-20.0
97640,-21.0,-61.0,113.0,5.0,-39.0,-4.0
97680,44.0,-11.0,-9.0,6.0,-37.0,20.0
97720,81.0,77.0,-103.0,4.0,-33.0,27.0
97760,109.0,79.0,-193.0,4.0,-26.0,29.0
97800,122.0,77.0,-249.0,2.0,-19.0,27.0
97840,131.0,103.0,-281.0,3.0,-15.0,27.0
97880,113.0,108.0,-296.0,-1.0,-19.0,24.0
97920,110.0,63.0,-312.0,-1.0,-30.0,14.0
97960,142.0,31.0,-382.0,-5.0,-38.0,5.0
98000,163.0,74.0,-407.0,-8.0,-45.0,-4.0
98040,174.0,102.0,-420.0,-11.0,-48.0,-5.0
98080,214.0,0.0,-388.0,-14.0,-48.0,-11.0
98120,257.0,59.0,-353.0,-17.0,-44.0,-13.0
98160,268.0,80.0,-383.0,-28.0,-38.0,-10.0
98200,267.0,116.0,-410.0,-35.0,-32.0,-5.0
98240,265.0,117.0,-470.0,-39.0,-29.0,-1.0
98280,259.0,121.0,-431.0,-36.0,-23.0,2.0
98320,214.0,70.0,-424.0,-37.0,-17.0,4.0
98360,161.0,-5.0,-549.0,-41.0,-15.0,14.0
98400,122.0,162.0,-750.0,-49.0,-17.0,19.0
98440,106.0,210.0,-895.0,-49.0,-20.0,23.0
98480,76.0,287.0,-808.0,-44.0,-19.0,21.0
98520,85.0,241.0,-733.0,-41.0,-14.0,25.0
98560,138.0,272.0,-709.0,-42.0,-10.0,21.0
98600,182.0,291.0,-777.0,-52.0,-9.0,16.0
98640,215.0,170.0,-811.0,-60.0,-7.0,3.0
98680,222.0,106.0,-743.0,-66.0,-6.0,-1.0
98720,206.0,137.0,-662.0,-68.0,-6.0,-1.0
98760,186.0,144.0,-642.0,-72.0,-7.0,8.0
98800,187.0,120.0,-633.0,-73.0,-12.0,12.0
98840,209.0,109.0,-588.0,-78.0,-13.0,16.0
98880,226.0,132.0,-468.0,-79.0,-11.0,18.0
98920,189.0,119.0,-330.0,-78.0,-7.0,33.0
98960,117.0,73.0,-277.0,-73.0,-3.0,42.0
99000,53.0,-17.0,-257.0,-68.0,0.0,47.0
99040,12.0,-26.0,-207.0,-70.0,6.0,44.0
99080,-16.0,-96.0,-195.0,-72.0,12.0,39.0
99120,-16.0,-206.0,-177.0,-73.0,16.0,38.0
99160,-21.0,-183.0,-206.0,-69.0,20.0,31.0
99200,-59.0,-73.0,-257.0,-67.0,21.0,20.0
99240,-101.0,34.0,-225.0,-65.0,21.0,1.0
99280,-112.0,140.0,-93.0,-63.0,16.0,-12.0
99320,-54.0,220.0,72.0,-57.0,12.0,-24.0
99360,20.0,183.0,165.0,-49.0,6.0,-28.0
99400,61.0,171.0,110.0,-47.0,3.0,-33.0
99440,68.0,206.0,-64.0,-45.0,2.0,-30.0
99480,37.0,187.0,-110.0,-44.0,-2.0,-12.0
99520,-4.0,127.0,-5.0,-34.0,-3.0,13.0
99560,7.0,-41.0,73.0,-22.0,4.0,35.0
99600,57.0,-29.0,84.0,-17.0,11.0,44.0
99640,105.0,-68.0,15.0,-17.0,23.0,48.0
99680,152.0,-265.0,64.0,-16.0,36.0,48.0
99720,149.0,-310.0,225.0,-12.0,42.0,49.0
99760,97.0,-346.0,317.0,-7.0,38.0,41.0
99800,16.0,-309.0,338.0,-9.0,32.0,23.0
99840,-29.0,-227.0,241.0,-11.0,25.0,4.0
99880,13.0,-211.0,245.0,-7.0,20.0,-9.0
99920,115.0,-159.0,362.0,2.0,18.0,-20.0
99960,201.0,-97.0,470.0,13.0,17.0,-26.0
